,album_name,album_id,artist_name,artist_id,song_name,release_date,album_uri,song_id,uri,duration_ms,explicit,popularity
0,Hive Mind,27ThgFMUAx3MXLQ297DzWF,The Internet,7GN9PivdemQRKjDt4z5Zv8,Come Over,2018-07-20,spotify:album:27ThgFMUAx3MXLQ297DzWF,2hPNuVVSV1tqiD2uPlfehz,spotify:track:2hPNuVVSV1tqiD2uPlfehz,321853,True,57
1,Feng Suave,4TXLnG7URez82o8xfZif2h,Feng Suave,73dudJ9j0HStIhJDU8MjMI,By the Poolside,2017-10-04,spotify:album:4TXLnG7URez82o8xfZif2h,4XTWiowLNAWfdc3YNq59VU,spotify:track:4XTWiowLNAWfdc3YNq59VU,217116,False,0
2,Keep The Faith,6XBv9s0hqnoX7lV6wydBeV,Moon Boots,3cIXmCH7iNcslTbwrwS7zy,Keep The Faith,2017-06-27,spotify:album:6XBv9s0hqnoX7lV6wydBeV,33RKGVnB3zWdvHwTpq4ApA,spotify:track:33RKGVnB3zWdvHwTpq4ApA,258034,False,40
3,Keep The Faith,6XBv9s0hqnoX7lV6wydBeV,Nic Hanson,1NrFTpkB0RvbVLYl0p5Xvc,Keep The Faith,2017-06-27,spotify:album:6XBv9s0hqnoX7lV6wydBeV,33RKGVnB3zWdvHwTpq4ApA,spotify:track:33RKGVnB3zWdvHwTpq4ApA,258034,False,40
4,Westside,1ZyxE4rXSfAZwqd6PO7l1N,Jarreau Vandal,6f96znq79wvlknKHHHhtTW,Westside,2018-07-31,spotify:album:1ZyxE4rXSfAZwqd6PO7l1N,4rU2eED2YPnmmrVmLlaYVI,spotify:track:4rU2eED2YPnmmrVmLlaYVI,179629,False,27
5,Anything In Return,3xDRuOqakukb1SjHQG4WWc,Toro y Moi,6O4EGCCb6DoIiR6B1QCQgp,How's It Wrong,2013-01-22,spotify:album:3xDRuOqakukb1SjHQG4WWc,3P5iJl5H2nOmWNMsCFuqFs,spotify:track:3P5iJl5H2nOmWNMsCFuqFs,234079,False,31
6,4 Track EP,64NBfuKfE49atmxBp4H3ZZ,Litany,2z6JjrrJKNLilqlx8mlxcc,Bedroom,2017-06-07,spotify:album:64NBfuKfE49atmxBp4H3ZZ,3LH6EfPCeySeuymuK2gWAO,spotify:track:3LH6EfPCeySeuymuK2gWAO,186781,False,63
7,Sunflower (Spider-Man: Into the Spider-Verse),47LpgGVshd0tbFSbm9tTLb,Post Malone,246dkjvS1zLTtiykXe5h60,Sunflower - Spider-Man: Into the Spider-Verse,2018-10-18,spotify:album:47LpgGVshd0tbFSbm9tTLb,1A6OTy97kk0mMdm78rHsm8,spotify:track:1A6OTy97kk0mMdm78rHsm8,158053,False,6
8,Sunflower (Spider-Man: Into the Spider-Verse),47LpgGVshd0tbFSbm9tTLb,Swae Lee,1zNqQNIdeOUZHb8zbZRFMX,Sunflower - Spider-Man: Into the Spider-Verse,2018-10-18,spotify:album:47LpgGVshd0tbFSbm9tTLb,1A6OTy97kk0mMdm78rHsm8,spotify:track:1A6OTy97kk0mMdm78rHsm8,158053,False,6
9,Oxnard,3rqqwtJE89WoWvMyPTvbZc,Anderson .Paak,3jK9MiCrA42lLAdMGUZpwa,Cheers (feat. Q-Tip),2018-11-16,spotify:album:3rqqwtJE89WoWvMyPTvbZc,4qNijbGeHqlcFWrGrATFOX,spotify:track:4qNijbGeHqlcFWrGrATFOX,334733,True,55
10,FEELS,4FKCroUOb0VCWrU7ClYtWR,Snoh Aalegra,1A9o3Ljt67pFZ89YtPPL5X,FEELS,2017-10-20,spotify:album:4FKCroUOb0VCWrU7ClYtWR,4hyjgR9LU4B31xK6iIr6w7,spotify:track:4hyjgR9LU4B31xK6iIr6w7,227501,False,0
11,Worst Nites,0xl3i3ohi5ojBbkNl7mQMJ,Foster The People,7gP3bB2nilZXLfPHJhMdvc,Worst Nites,2018-11-06,spotify:album:0xl3i3ohi5ojBbkNl7mQMJ,7lVoniii4QwhNjCeHij2xZ,spotify:track:7lVoniii4QwhNjCeHij2xZ,211920,False,0
12,king,0j30bP1a6wUKr8Jx4iHK3O,slenderbodies,3S4d3YRNGg2OhnNm3QvfhA,king,2018-12-12,spotify:album:0j30bP1a6wUKr8Jx4iHK3O,423VyysMCduMmvqDH5oGEB,spotify:track:423VyysMCduMmvqDH5oGEB,191440,False,0
13,Rogue Waves,4sJXyIfwduIWFISb4iCq2f,Miguel,360IAlyVv4PCEVjgyMZrxK,waves - Tame Impala Remix,2016-02-26,spotify:album:4sJXyIfwduIWFISb4iCq2f,3lB0GMiI5KxDbTOG8V3bOx,spotify:track:3lB0GMiI5KxDbTOG8V3bOx,253346,False,69
14,Gameshow (Deluxe Edition),7n7uMkN6MrzRL7HQmRjpRU,Two Door Cinema Club,536BYVgOnRky0xjsPT96zl,Fever,2016-10-14,spotify:album:7n7uMkN6MrzRL7HQmRjpRU,2OHK6Hj0ITquxUstNPF5TM,spotify:track:2OHK6Hj0ITquxUstNPF5TM,281920,False,0
15,Gameshow (Deluxe Edition),7n7uMkN6MrzRL7HQmRjpRU,Two Door Cinema Club,536BYVgOnRky0xjsPT96zl,Ordinary,2016-10-14,spotify:album:7n7uMkN6MrzRL7HQmRjpRU,3AEJ5MpwV4WJSFhxj04ITx,spotify:track:3AEJ5MpwV4WJSFhxj04ITx,298933,False,0
16,A Brief Inquiry Into Online Relationships,6PWXKiakqhI17mTYM4y6oY,The 1975,3mIj9lX2MWuHmhNCA7LSCW,It's Not Living (If It's Not With You),2018-11-30,spotify:album:6PWXKiakqhI17mTYM4y6oY,3TgMcrV32NUKjEG2ujn9eh,spotify:track:3TgMcrV32NUKjEG2ujn9eh,248335,False,71
17,THE SCIENCE OF LETTING GO,37KtRElyaLqFapZXmFhIdC,Smallpools,4iiQabGKtS2RtTKpVkrVTw,DJs & Porsches,2017-08-04,spotify:album:37KtRElyaLqFapZXmFhIdC,7BhtNdWEvpx4n1vbqLrS93,spotify:track:7BhtNdWEvpx4n1vbqLrS93,197093,False,37
18,3:33am,0Yo1LADdOR5RZtkilf891i,Amber Mark,0tbeZu9lv8YEKSQ9tZSslu,Lose My Cool,2017-05-12,spotify:album:0Yo1LADdOR5RZtkilf891i,3G9zeErd0kMx012kmYUrm7,spotify:track:3G9zeErd0kMx012kmYUrm7,214578,False,63
19,In Camera,6m3FWihId7SPqUaSyEo7hm,Yumi Zouma,4tPyCwWrsvZ8OKYl7QRavL,In Camera,2018-08-21,spotify:album:6m3FWihId7SPqUaSyEo7hm,4vcyK8QHE6WsqiSnaBOtOS,spotify:track:4vcyK8QHE6WsqiSnaBOtOS,204386,False,0
20,NOTHIN LIKE U / CHANCES,2KVBhRpYqnjAVE4eWW3W6g,KAYTRANADA,6qgnBH6iDM91ipVXv28OMu,CHANCES,2018-11-30,spotify:album:2KVBhRpYqnjAVE4eWW3W6g,439X8jGytErRiPnaoUJHju,spotify:track:439X8jGytErRiPnaoUJHju,218200,False,67
21,sunny,0enwhVDrDgNf2QpeleSUSZ,j'san,5iMUho98faEp2w6j5p44PH,sunny,2018-04-26,spotify:album:0enwhVDrDgNf2QpeleSUSZ,0cZcOtDqLaavK7LowhTBsa,spotify:track:0cZcOtDqLaavK7LowhTBsa,139130,False,60
22,When The Night,7fbye8EAeiLsiKAe2upMEh,St. Lucia,5WId4o5jdGVhptNU0uqKxu,Elevate,2013-10-04,spotify:album:7fbye8EAeiLsiKAe2upMEh,5BxVRqpZi6tIhAap1ZjzVD,spotify:track:5BxVRqpZi6tIhAap1ZjzVD,308360,False,48
23,Talk,58kvvQvx6OtLqEDhqYSzyM,Khalid,6LuN9FCkKOj5PcnpouEgny,Talk,2019-02-07,spotify:album:58kvvQvx6OtLqEDhqYSzyM,0rTV5WefWd1J3OwIheTzxM,spotify:track:0rTV5WefWd1J3OwIheTzxM,197487,False,74
24,Talk,58kvvQvx6OtLqEDhqYSzyM,Disclosure,6nS5roXSAGhTGr34W6n7Et,Talk,2019-02-07,spotify:album:58kvvQvx6OtLqEDhqYSzyM,0rTV5WefWd1J3OwIheTzxM,spotify:track:0rTV5WefWd1J3OwIheTzxM,197487,False,74
25,American Teen,6kf46HbnYCZzP6rjvQHYzg,Khalid,6LuN9FCkKOj5PcnpouEgny,8TEEN,2017-04-27,spotify:album:6kf46HbnYCZzP6rjvQHYzg,5bgwqaRSS3M8WHWruHgSL5,spotify:track:5bgwqaRSS3M8WHWruHgSL5,228600,False,79
26,Village,2KxC2M0bVm5hrK3GgGMuV9,Jacob Banks,0AepkoQhYvkjEzzwIcGxdV,Prosecco,2018-11-02,spotify:album:2KxC2M0bVm5hrK3GgGMuV9,1OWu2Vin6WH1gVvgO05Pw8,spotify:track:1OWu2Vin6WH1gVvgO05Pw8,208626,True,46
27,Fifty Shades Freed (Original Motion Picture Soundtrack),4w0N1CaZwQ5RPIuawqlYyy,Various Artists,0LyfQWJT6nXafLPZqxe9Of,Diddy Bop (x Louis The Child),2018-02-09,spotify:album:4w0N1CaZwQ5RPIuawqlYyy,2KZybiXVEQExXm2vtAcP8f,spotify:track:2KZybiXVEQExXm2vtAcP8f,219626,False,55
28,SALES LP,7ywSMs3G2OWOGVKMqc7KsE,SALES,6vVztIuqdDHvYWxOEXCzjN,Big Sis,2016-04-20,spotify:album:7ywSMs3G2OWOGVKMqc7KsE,0ARp9mXXpPflIwehy25kCa,spotify:track:0ARp9mXXpPflIwehy25kCa,166400,False,58
29,Let Go,6EkfVAo6uWwoWa7nwevWPM,The Undercover Dream Lovers,4D42J3IJpcTm3zxzmZ7TCV,Let Go,2018-02-07,spotify:album:6EkfVAo6uWwoWa7nwevWPM,6hchk7cCDULpk2ag8JFjXQ,spotify:track:6hchk7cCDULpk2ag8JFjXQ,180479,False,0
30,Fire,4b7DQdQztY3wvk8DJB8bgz,Diskopunk,5Ck4KWOZsbrSQpiLimooDp,Fire,2016-03-22,spotify:album:4b7DQdQztY3wvk8DJB8bgz,5jRJlGB5EP7HFKwYBKvlSA,spotify:track:5jRJlGB5EP7HFKwYBKvlSA,197749,False,47
31,Supermarket (Soundtrack),7C5J8fG34IbOKe2pQPq9SU,Logic,4xRYI6VqpkE3UwrDrAZL8L,Bohemian Trapsody,2019-03-26,spotify:album:7C5J8fG34IbOKe2pQPq9SU,7Ii2ALuxW7NkLfQPhV4Rn2,spotify:track:7Ii2ALuxW7NkLfQPhV4Rn2,404666,True,53
32,Lux Prima,1kgurOfUl0Qu20MDK46xur,Karen O,6emHCSoB4tJxTVXakbrpPz,Turn The Light,2019-03-15,spotify:album:1kgurOfUl0Qu20MDK46xur,6vw4YLRXNvtFxA2yxVrR6H,spotify:track:6vw4YLRXNvtFxA2yxVrR6H,199320,False,51
33,Lux Prima,1kgurOfUl0Qu20MDK46xur,Danger Mouse,2dBj3prW7gP9bCCOIQeDUf,Turn The Light,2019-03-15,spotify:album:1kgurOfUl0Qu20MDK46xur,6vw4YLRXNvtFxA2yxVrR6H,spotify:track:6vw4YLRXNvtFxA2yxVrR6H,199320,False,51
34,Morrison,4Dq6bkNjN6gOz0P51j759B,FRENSHIP,7xEFii6utZmQ61kX59HmLH,Morrison,2014-06-03,spotify:album:4Dq6bkNjN6gOz0P51j759B,7FwUBR93O0aSvXltMM73e7,spotify:track:7FwUBR93O0aSvXltMM73e7,235755,False,37
35,Free Spirit,6KT8x5oqZJl9CcnM66hddo,Khalid,6LuN9FCkKOj5PcnpouEgny,Outta My Head (with John Mayer),2019-04-05,spotify:album:6KT8x5oqZJl9CcnM66hddo,09oZ9eXQ2fo6YDrPzJqAoP,spotify:track:09oZ9eXQ2fo6YDrPzJqAoP,177066,False,69
36,The Omnitone Collection,6uecoRvQc3nqMVgZoxrEHK,Elder Island,3EnbnmqrrvApHJs6FMvYik,Don't Lose,2019-02-08,spotify:album:6uecoRvQc3nqMVgZoxrEHK,6Kk8BZZiRIClaHm0Qmkj12,spotify:track:6Kk8BZZiRIClaHm0Qmkj12,230431,False,34
37,Soulection Black Label: Hablot Brown,4drK8GetIiILQI15zbGOex,Hablot Brown,6LtgEnShwvrqAaKohg7skM,Reason,2018-07-29,spotify:album:4drK8GetIiILQI15zbGOex,7hdM3l7whE3lTHP6WsoKZT,spotify:track:7hdM3l7whE3lTHP6WsoKZT,200000,False,46
38,Alix,185i0n1TQMSppzacSaADTu,Generationals,57MtJQ6Sc4tIxrXIhrqVJL,Heart in Two,2014-09-12,spotify:album:185i0n1TQMSppzacSaADTu,3FDcRqc0TH5wWERAOu1O0c,spotify:track:3FDcRqc0TH5wWERAOu1O0c,197800,False,27
39,In Your Own Sweet Time,2hduWl9FwHZ1B75dINAdnw,The Fratellis,3M4ThdJR28z9eSMcQHAZ5G,Told You So,2018-03-16,spotify:album:2hduWl9FwHZ1B75dINAdnw,39Mfc40ap5dWCmAAtqMAW2,spotify:track:39Mfc40ap5dWCmAAtqMAW2,242259,False,32
40,Take a Rest,1JWM6OVhoe7bInrtbiePPl,Tora,7KGI0OwY8iAL5rI5p47YyK,Entity,2017-06-09,spotify:album:1JWM6OVhoe7bInrtbiePPl,6ThstWIn274ADNjJBnUbEQ,spotify:track:6ThstWIn274ADNjJBnUbEQ,274714,False,10
41,Hard Groove,7ocjymC4B0S00K0BZ71M9X,The RH Factor,3m7Ej9zfNto7JOsjKsYhEr,Forget Regret,2003-01-01,spotify:album:7ocjymC4B0S00K0BZ71M9X,34iP1qPyAfLpBAcMo7TQfN,spotify:track:34iP1qPyAfLpBAcMo7TQfN,232160,False,46
42,Small Crimes / Keep on Calling,6P0OeaEOj3lhJ31agZkAc1,Nilüfer Yanya,09kXLeOXRyfNQMXRaDO4qA,Keep on Calling,2016-11-18,spotify:album:6P0OeaEOj3lhJ31agZkAc1,4FUrVPC15KK8OcABXprp3Z,spotify:track:4FUrVPC15KK8OcABXprp3Z,230310,False,0
43,"U Say (feat. Tyler, The Creator & Jay Prince)",5g0xMnMMjem2z6vr3ZXzES,GoldLink,5XenQ7XfcvQdfIbpLEFaKQ,"U Say (feat. Tyler, The Creator & Jay Prince)",2019-06-06,spotify:album:5g0xMnMMjem2z6vr3ZXzES,0xYlNtVflZPG1pUbk4qp77,spotify:track:0xYlNtVflZPG1pUbk4qp77,200801,True,48
44,Origin,7fn4t6YrZzqowiab2fugQK,Jordan Rakei,24icoQNJSEWNu3XvqKBR68,Rolling into One,2019-06-14,spotify:album:7fn4t6YrZzqowiab2fugQK,6rDunNC3OsxLUkxK1aEjnL,spotify:track:6rDunNC3OsxLUkxK1aEjnL,259196,False,0
45,K.T.S.E.,0mwf6u9KVhZDCNVyIi6JuU,Teyana Taylor,4ULO7IGI3M2bo0Ap7B9h8a,Hurry,2018-06-23,spotify:album:0mwf6u9KVhZDCNVyIi6JuU,6NqbN00vLmWfrQSx2wjD4z,spotify:track:6NqbN00vLmWfrQSx2wjD4z,174200,True,51
46,religion (u can lay your hands on me),48gI9FAseDW1WBUPWS5zKY,Shura,1qpR5mURxk3d8f6mww6uKT,religion (u can lay your hands on me),2019-06-12,spotify:album:48gI9FAseDW1WBUPWS5zKY,7rl1Frsgk11OLb193JtLra,spotify:track:7rl1Frsgk11OLb193JtLra,247346,False,0
47,Untitled,0Ycva8sqd96rxJAQhYFqSt,Kate Bollinger,4eArh1v6UwBbKkjdgHCned,Untitled,2019-05-21,spotify:album:0Ycva8sqd96rxJAQhYFqSt,2IoEP9SKwBpm4DL89MKTDZ,spotify:track:2IoEP9SKwBpm4DL89MKTDZ,179500,False,0
48,Suck It and See,2ym2jcqckXqWeTDoxz3Kst,Arctic Monkeys,7Ln80lUS6He07XvHI8qqHH,Piledriver Waltz,2011-06-06,spotify:album:2ym2jcqckXqWeTDoxz3Kst,4Ai0ANRDYwx6mCD4Uty1WS,spotify:track:4Ai0ANRDYwx6mCD4Uty1WS,203880,False,59
49,Silk Canvas,2EbhWs13R3DTnsGXHVZSPy,VanJess,0Ek89uaJyo6NfWK22awFvI,Through Enough (feat. GoldLink),2018-07-27,spotify:album:2EbhWs13R3DTnsGXHVZSPy,4KaiIuQH1EH65zWQgyWWaQ,spotify:track:4KaiIuQH1EH65zWQgyWWaQ,268773,True,43
50,Friends,3yuV4GeplvzBIiYGhQp2nd,Omar Apollo,5FxD8fkQZ6KcsSYupDVoSO,Kickback,2019-04-10,spotify:album:3yuV4GeplvzBIiYGhQp2nd,5MZQIjtghyFc4sMVUzD7MD,spotify:track:5MZQIjtghyFc4sMVUzD7MD,171106,False,53
51,Platinum Fire (Deluxe),0e8ZsVbYFyzRhHYKNOgthl,Arin Ray,6TvjXbopXg71XRM9OZWqUc,Reckless,2018-12-14,spotify:album:0e8ZsVbYFyzRhHYKNOgthl,1BybndP1YgPEIk6WUnL6kT,spotify:track:1BybndP1YgPEIk6WUnL6kT,233265,True,59
52,Wildin',7kSFfhqYkwCiBYzYm8o61i,Berhana,0WjtdWS6su0f3jrW9aqEHl,Wildin',2018-07-18,spotify:album:7kSFfhqYkwCiBYzYm8o61i,4LGg2NY9eHp0jF3L1WbCNl,spotify:track:4LGg2NY9eHp0jF3L1WbCNl,139613,True,53
53,I Wish I Missed My Ex,4CqmBX4qQUp0i5DDFkHCFd,Mahalia,16rCzZOMQX7P8Kmn5YKexI,I Wish I Missed My Ex,2018-05-31,spotify:album:4CqmBX4qQUp0i5DDFkHCFd,4jwP0pxx7su04FYc6J12EQ,spotify:track:4jwP0pxx7su04FYc6J12EQ,205263,False,58
54,A Brief Inquiry Into Online Relationships,6PWXKiakqhI17mTYM4y6oY,The 1975,3mIj9lX2MWuHmhNCA7LSCW,Sincerity Is Scary,2018-11-30,spotify:album:6PWXKiakqhI17mTYM4y6oY,6HguG9HRb1Ke1bhihfE4m8,spotify:track:6HguG9HRb1Ke1bhihfE4m8,225955,False,65
55,Rouge,5By9BZR5hxGhbkeq7sAcqZ,Yuna,3kHVioJpVxlazAAKQ64pC1,Castaway,2019-07-12,spotify:album:5By9BZR5hxGhbkeq7sAcqZ,19zPT36WogsfBd8HIaUnt4,spotify:track:19zPT36WogsfBd8HIaUnt4,269893,True,53
56,Uno Dos (feat. Jaden Smith),0u1kufnf2KBAb7dlKgD2XJ,¿Téo?,0jsnWH4QCKcAMpR7vEhh9u,Uno Dos (feat. Jaden Smith),2017-08-01,spotify:album:0u1kufnf2KBAb7dlKgD2XJ,6gigGFhKguOzObNC5QZbeW,spotify:track:6gigGFhKguOzObNC5QZbeW,169639,False,0
57,Nerve For The Ages,2aYbj0HPhxvsyNetLERWdR,Yves Jarvis,19h4y2F9duQ776bv1YhQYt,Nerve For The Ages,2017-11-28,spotify:album:2aYbj0HPhxvsyNetLERWdR,2fzK1mbS6V9UXQQ8reSjXH,spotify:track:2fzK1mbS6V9UXQQ8reSjXH,112977,False,34
58,Plant Feed,1i9xCz51Auu1kcwTcFLGAv,Nilüfer Yanya,09kXLeOXRyfNQMXRaDO4qA,The Florist,2017-06-09,spotify:album:1i9xCz51Auu1kcwTcFLGAv,19y7Eh2ORRo6spiEcr4aTU,spotify:track:19y7Eh2ORRo6spiEcr4aTU,201833,False,0
59,Singles,4RJinmp0qCu0rL4LKpXftN,Barrie,1pHO6SCEw9tuRx0IVMFL0g,Michigan,2018-10-12,spotify:album:4RJinmp0qCu0rL4LKpXftN,3UBkhPyI6UfmH86bxxPLcb,spotify:track:3UBkhPyI6UfmH86bxxPLcb,215000,False,35
60,Know-It-All (Deluxe),3rDbA12I5duZnlwakqDdZa,Alessia Cara,2wUjUUtkb5lvLKcGKsKqsR,Here,2015-11-13,spotify:album:3rDbA12I5duZnlwakqDdZa,1wYZZtamWTQAoj8B812uKQ,spotify:track:1wYZZtamWTQAoj8B812uKQ,199453,False,67
61,Big Wave More Fire,30tc5b5AulEnOeyKTT9Cz3,DJDS,0orEyXhG0KnPEDVgpctNJI,Why Don’t You Come On (ft. Khalid and Empress Of),2018-05-18,spotify:album:30tc5b5AulEnOeyKTT9Cz3,7zgoHkxLgchJwPdhbJhQ3K,spotify:track:7zgoHkxLgchJwPdhbJhQ3K,199980,False,43
62,Bambi,6tGEWfRhonWuuQikgOnYhN,Hippo Campus,1btWGBz4Uu1HozTwb2Lm8A,Bambi,2018-09-28,spotify:album:6tGEWfRhonWuuQikgOnYhN,5dmPNuHmRRJuHmJTDa7NuJ,spotify:track:5dmPNuHmRRJuHmJTDa7NuJ,194400,True,64
63,Picture You Staring,4XherhknNqBd7RsksYVqP5,TOPS,2SdK1QDmZIP2hk94rSaLl9,Way to be Loved,2014-09-02,spotify:album:4XherhknNqBd7RsksYVqP5,5FjC0o2EGdlAMdc3hfeTMd,spotify:track:5FjC0o2EGdlAMdc3hfeTMd,263396,False,56
64,Happy To Be Here,74hkehs2cahKJ7jFLOrxYh,Barrie,1pHO6SCEw9tuRx0IVMFL0g,Habits,2019-05-03,spotify:album:74hkehs2cahKJ7jFLOrxYh,1qAcX4wZpol2I0QtDSck3L,spotify:track:1qAcX4wZpol2I0QtDSck3L,217640,False,28
65,SLOWSHINE,4SjYXLN4fFam9kx1JrbfgW,Golden Vessel,6bJCrLZcvsBMzve04BmgwS,"BIGBRIGHT (feat. Elkkle, E^ST & Duckwrth)",2019-05-17,spotify:album:4SjYXLN4fFam9kx1JrbfgW,4gErEUBzsNChBuqk9jgycY,spotify:track:4gErEUBzsNChBuqk9jgycY,247385,False,0
66,Part 1 Everything Not Saved Will Be Lost,5oT2zoIrVGJcbVZoNGGZwc,Foals,6FQqZYVfTNQ1pCqfkwVFEa,In Degrees,2019-03-08,spotify:album:5oT2zoIrVGJcbVZoNGGZwc,2muJzxNCRL7M2QeCmjPubU,spotify:track:2muJzxNCRL7M2QeCmjPubU,297632,False,54
67,Bashful Creatures,2O8JV6cLUmyO3w2nf5PuBh,Hippo Campus,1btWGBz4Uu1HozTwb2Lm8A,Opportunistic,2015-02-24,spotify:album:2O8JV6cLUmyO3w2nf5PuBh,79LfU5ufUmiLvLURU23Yyf,spotify:track:79LfU5ufUmiLvLURU23Yyf,139822,False,37
68,Permanent Vacation,5YlzKbkGoIIFnBOnYwU3kl,Lime Cordiale,6yrtCy4XJHXM6tczo4RlTs,Temper Temper,2017-10-13,spotify:album:5YlzKbkGoIIFnBOnYwU3kl,3DCU0R5FFaB9GKxZERb5wr,spotify:track:3DCU0R5FFaB9GKxZERb5wr,208980,False,61
69,Feel Alright,4WFoycnSm1iPo40lkYw6Wc,Zanski,6IVta6osiP9HifjCLIw4cv,Feel Alright,2016-10-21,spotify:album:4WFoycnSm1iPo40lkYw6Wc,1w4zsr8vQDFkVDOX22hEOF,spotify:track:1w4zsr8vQDFkVDOX22hEOF,253953,False,12
70,Sad,35aISWjjpmBH3K1zZ8ZTYP,Alexander 23,6sFHvCyqklnJpXC9Nh1aag,Sad,2019-07-12,spotify:album:35aISWjjpmBH3K1zZ8ZTYP,5Ybp65SomeSJEj8xmUARdA,spotify:track:5Ybp65SomeSJEj8xmUARdA,163066,False,0
71,Her,1XtTygUdUqtwPyErnZxLbR,DPR LIVE,0siBQaURCli5wn2lqv8WZg,Martini Blue,2017-12-07,spotify:album:1XtTygUdUqtwPyErnZxLbR,7zDu3l7DDlfSlt20YMKkWo,spotify:track:7zDu3l7DDlfSlt20YMKkWo,195204,False,58
72,Immunity,4kkVGtCqE2NiAKosri9Rnd,Clairo,3l0CmX0FuQjFxr8SK7Vqag,Softly,2019-08-02,spotify:album:4kkVGtCqE2NiAKosri9Rnd,4PvbbMYL4fkToni5BLaYRb,spotify:track:4PvbbMYL4fkToni5BLaYRb,185306,False,70
73,Hit Me Up,0sWQFBl9e6A9tL4CqFT9X8,Omar Apollo,5FxD8fkQZ6KcsSYupDVoSO,Hit Me Up,2019-11-05,spotify:album:0sWQFBl9e6A9tL4CqFT9X8,0Lhy1sDDdtUFY2pyq2ZVi9,spotify:track:0Lhy1sDDdtUFY2pyq2ZVi9,160000,True,64
74,Hit Me Up,0sWQFBl9e6A9tL4CqFT9X8,Dominic Fike,6USv9qhCn6zfxlBQIYJ9qs,Hit Me Up,2019-11-05,spotify:album:0sWQFBl9e6A9tL4CqFT9X8,0Lhy1sDDdtUFY2pyq2ZVi9,spotify:track:0Lhy1sDDdtUFY2pyq2ZVi9,160000,True,64
75,Hit Me Up,0sWQFBl9e6A9tL4CqFT9X8,Kenny Beats,1rHOtdmGNr5vcYNw5v7QGC,Hit Me Up,2019-11-05,spotify:album:0sWQFBl9e6A9tL4CqFT9X8,0Lhy1sDDdtUFY2pyq2ZVi9,spotify:track:0Lhy1sDDdtUFY2pyq2ZVi9,160000,True,64
76,Beauty & Essex (feat. Daniel Caesar & Unknown Mortal Orchestra),2HZuNcdyDP2IA2T7MtTWcv,Free Nationals,4596e2d3KmYzAeVenjCxfj,Beauty & Essex (feat. Daniel Caesar & Unknown Mortal Orchestra),2018-10-10,spotify:album:2HZuNcdyDP2IA2T7MtTWcv,4ej94zqr9xYLbWphCH3TcD,spotify:track:4ej94zqr9xYLbWphCH3TcD,277046,True,52
77,Shibuya,5COwxcrDHpm6t439Cuba4p,Free Nationals,4596e2d3KmYzAeVenjCxfj,Shibuya,2019-11-08,spotify:album:5COwxcrDHpm6t439Cuba4p,5G7602PyF33hYDi4utEpoZ,spotify:track:5G7602PyF33hYDi4utEpoZ,144515,False,51
78,Something About Us (instrumental),6IEZdQozsCqWCPZQDfQLqS,Kaminsky,2fG76qj8LhS6jhyZuqaUkm,Something About Us (instrumental),2013,spotify:album:6IEZdQozsCqWCPZQDfQLqS,3AqXknt2P2FDcgasp4VVNI,spotify:track:3AqXknt2P2FDcgasp4VVNI,261381,False,40
79,Paint California,48pAFeFkeIcpZ3X2wGp5Lm,NoMBe,5Lhxlge1CR1DrgDAje8Qaw,Paint California,2019-12-04,spotify:album:48pAFeFkeIcpZ3X2wGp5Lm,2ZlgqiomIrjvkuWFDSVOLY,spotify:track:2ZlgqiomIrjvkuWFDSVOLY,207133,False,57
80,Downtown Love,3wPK4QuD4gCPaOfosQfFyO,Calvin Priice,55Z3Xi6ID6z799AyGHjr6u,Downtown Love,2018-05-13,spotify:album:3wPK4QuD4gCPaOfosQfFyO,5cnD97Kg28dJGGdBv72sDl,spotify:track:5cnD97Kg28dJGGdBv72sDl,196082,True,34
81,Bad Groove,2L9RuvDYq8NFqJZihRqa4f,Ks French,1ew9xfiJEQ4Suu9JaqQn05,Baltisoul,2018-03-27,spotify:album:2L9RuvDYq8NFqJZihRqa4f,3VStQ5giIkRU9Rjh31TGH8,spotify:track:3VStQ5giIkRU9Rjh31TGH8,246368,False,41
82,Never Enough,5Lk5Yg8CubPo7dxbY2ZDnE,Satin Jackets,5Gn7NoCZvbVlGgtZMILRcv,Never Enough - CASSARA Remix,2017-01-13,spotify:album:5Lk5Yg8CubPo7dxbY2ZDnE,5FLjLgqVsITzgEV9KNncTr,spotify:track:5FLjLgqVsITzgEV9KNncTr,447261,False,47
83,Honest,2cIbw9kDyasNMaXdTc6rrs,Koji.,5CwnPLe14OgA87UgZhzDBc,Honest,2017-11-26,spotify:album:2cIbw9kDyasNMaXdTc6rrs,2HytB9M0U9L8fmrDFvDgXD,spotify:track:2HytB9M0U9L8fmrDFvDgXD,194157,False,44
84,Disco Reggae,5Wiqlnm1WL65Oae5PWNBcx,Various Artists,0LyfQWJT6nXafLPZqxe9Of,Move on Up,2013-11-15,spotify:album:5Wiqlnm1WL65Oae5PWNBcx,2WaesAINqa4dKnLVu8JQKS,spotify:track:2WaesAINqa4dKnLVu8JQKS,292571,False,51
85,What Comes Next,2RasvcK0I8bupLoVNuQKZv,Cosmo's Midnight,4VivsO1n4n2Mi2Btyb5gfL,Get To Know (feat. Winston Surfshirt),2018-06-15,spotify:album:2RasvcK0I8bupLoVNuQKZv,1LvASuCm9gPr9684FFNKdt,spotify:track:1LvASuCm9gPr9684FFNKdt,243599,False,56
86,Soaked,2NGzabvp5ydACyZmizPmBf,BENEE,0Cp8WN4V8Tu4QJQwCN5Md4,Soaked,2019-04-05,spotify:album:2NGzabvp5ydACyZmizPmBf,5p80uI2FhYGQZJRfzy7mb6,spotify:track:5p80uI2FhYGQZJRfzy7mb6,240986,False,0
87,Quiet Ferocity,0RSKnjggldZx2NrKSOD913,The Jungle Giants,6wFwvxJkurQPU2UdeD4qVt,On Your Way Down,2017-07-07,spotify:album:0RSKnjggldZx2NrKSOD913,6ECcJlfjh2F1LJxe74qKnJ,spotify:track:6ECcJlfjh2F1LJxe74qKnJ,225000,False,58
88,The Way That You Move,4T6HAhjT5JAstqkSB5ule2,Kwaku Asante,2aUr9B6iwO3eYiEHJIpB0M,The Way That You Move,2018-07-13,spotify:album:4T6HAhjT5JAstqkSB5ule2,1z0qfVExBs3b3dctr4ZlCD,spotify:track:1z0qfVExBs3b3dctr4ZlCD,220943,False,0
89,Yummy,1SN6N3fNkZk5oXQ9X46QZ3,Justin Bieber,1uNFoZAHBGtllmzznpCI3s,Yummy,2020-01-03,spotify:album:1SN6N3fNkZk5oXQ9X46QZ3,41L3O37CECZt3N7ziG2z7l,spotify:track:41L3O37CECZt3N7ziG2z7l,210426,False,76
90,Scene,3Eq7lSl4bvV5CNP6IbLkkl,Rad Museum,6UdKtISMXYKSR8jcgtFePo,Tiny Little Boy,2017-10-26,spotify:album:3Eq7lSl4bvV5CNP6IbLkkl,63oTx2gvxdNv9qGYQCA005,spotify:track:63oTx2gvxdNv9qGYQCA005,191000,False,47
91,Summer Days,4uqJIUuSpvidPfFLDkAmHP,Saib,6N4HlHINMvoTyAL0yhBUCk,Sao Paulo Sunset,2019-03-08,spotify:album:4uqJIUuSpvidPfFLDkAmHP,0vTJP35J4M1PY9iAA8UmbV,spotify:track:0vTJP35J4M1PY9iAA8UmbV,207401,False,55
92,Rare,3YPFaTR7WMi1Hd4NVKdCJx,Selena Gomez,0C8ZW7ezQVs4URX5aX7Kqx,Ring,2020-01-10,spotify:album:3YPFaTR7WMi1Hd4NVKdCJx,11Ey4yJVeWEsA73KjACkVY,spotify:track:11Ey4yJVeWEsA73KjACkVY,148776,False,58
93,Just A While,1eC6FOrKwPTLovOIsCxCz4,Sturla Atlas,7yuLFZmY5CuPf81al33Ot2,Just A While,2019-06-21,spotify:album:1eC6FOrKwPTLovOIsCxCz4,6GVWKfRIG6KkZ6DFCTYGva,spotify:track:6GVWKfRIG6KkZ6DFCTYGva,192333,False,21
94,Just A While,1eC6FOrKwPTLovOIsCxCz4,Auður,21SqAOtuXFpwygK1GNxjTm,Just A While,2019-06-21,spotify:album:1eC6FOrKwPTLovOIsCxCz4,6GVWKfRIG6KkZ6DFCTYGva,spotify:track:6GVWKfRIG6KkZ6DFCTYGva,192333,False,21
95,Can't Help the Way,35Nm9X5JeMztg5Y7u6JrtO,Foley,776HGV4QHksTaUaawD9DnE,Can't Help the Way,2019-06-28,spotify:album:35Nm9X5JeMztg5Y7u6JrtO,6CUugPwgI9yd0iPdMFkClA,spotify:track:6CUugPwgI9yd0iPdMFkClA,189857,False,3
96,Mandy & The Jungle,4IMFZY59ree679oXQS36xM,Cruel Santino,15GgEOJiFyjQm4tZ4D7qih,Monte Claire,2019-05-17,spotify:album:4IMFZY59ree679oXQS36xM,357A38eIc5S73mWDD9oei1,spotify:track:357A38eIc5S73mWDD9oei1,166153,True,32
97,Little Girl,4UTFZ9alrLbRyA4GdiSbw7,SASO,17cTF8IhnRgPTFruvNlrIS,Little Girl,2019-04-12,spotify:album:4UTFZ9alrLbRyA4GdiSbw7,7jhItbz47nxN7tAaiXf2R8,spotify:track:7jhItbz47nxN7tAaiXf2R8,174315,False,5
98,Goodnightmare,7bVIynTZaUMnXaPydLxksb,Fake Fake,43nxlJkq1IwAYVZtTWo5kv,Goodnightmare,2019-05-10,spotify:album:7bVIynTZaUMnXaPydLxksb,4tUV3qVS1tIT5K2vbwo7Kh,spotify:track:4tUV3qVS1tIT5K2vbwo7Kh,209361,False,23
99,Dicaprio On Acid,5RW17axUvUWn1pvYwaEA4g,neumodel,4wiTMr3PA4rslJzqx4QO5f,Dicaprio On Acid,2016-05-06,spotify:album:5RW17axUvUWn1pvYwaEA4g,4HKl7nxuuky1ICnldu6Jvz,spotify:track:4HKl7nxuuky1ICnldu6Jvz,194546,False,0
100,Never Come Back,76dRaSjXnS4sc95zn1KEbc,Caribou,4aEnNH9PuU1HF3TsZTru54,You and I,2020-01-28,spotify:album:76dRaSjXnS4sc95zn1KEbc,4lZlquzJF4AfND0nU5kcmj,spotify:track:4lZlquzJF4AfND0nU5kcmj,243946,False,0
101,Prime of Your Life,1HsFfl5EWqDX5cW5uerxdt,Saint DX,4AHuSBzDte0ospEtW9rL18,Prime of Your Life,2019-09-18,spotify:album:1HsFfl5EWqDX5cW5uerxdt,02fMscVZ46N4l46yHZQkqT,spotify:track:02fMscVZ46N4l46yHZQkqT,216546,False,35
102,False Alarm,6dVoyecmTOPWnkZD8HCfvd,Two Door Cinema Club,536BYVgOnRky0xjsPT96zl,Think,2019-06-21,spotify:album:6dVoyecmTOPWnkZD8HCfvd,5TocQE0LESbiqk6sd3Y5Hm,spotify:track:5TocQE0LESbiqk6sd3Y5Hm,231927,False,33
103,The Movement of Time,1cugVoYkqQKSYUBqbopDsn,APRE,16oEz0ihXl8elwxOS0YMNF,All Yours,2018-05-25,spotify:album:1cugVoYkqQKSYUBqbopDsn,76S0dx36oCAMgqfXlVUQeZ,spotify:track:76S0dx36oCAMgqfXlVUQeZ,173586,False,51
104,AFRAID OF THE DARK EP,3luukWHgKthnODrdHcnjdS,EZI,6JINIoM2HUR5ZNTJwoR9eC,DaNcing in a RoOm,2018-01-12,spotify:album:3luukWHgKthnODrdHcnjdS,2zTjF6OGxklU5Ulv7iTf4R,spotify:track:2zTjF6OGxklU5Ulv7iTf4R,208605,False,0
105,Enginn eins og þú,3Zy5JeAC6Zw27VRk2e1XEq,Auður,21SqAOtuXFpwygK1GNxjTm,Enginn eins og þú,2019-06-07,spotify:album:3Zy5JeAC6Zw27VRk2e1XEq,3bzP8lZJWmuhpdnfDP1rTq,spotify:track:3bzP8lZJWmuhpdnfDP1rTq,181226,False,40
106,It's Time,457fktVFXVwjQTl9wOLlfg,Michael Bublé,1GxkXlMwML1oSg5eLPiAz3,Feeling Good,2005-02-08,spotify:album:457fktVFXVwjQTl9wOLlfg,72PwtNhRrZXNnYeRg5xQ46,spotify:track:72PwtNhRrZXNnYeRg5xQ46,237333,False,40
107,No Label II,56PJDByaunMWwCqs5rV3Nc,Migos,6oMuImdp5ZcFhWP0ESe6mG,Fight Night,2014-06-03,spotify:album:56PJDByaunMWwCqs5rV3Nc,2n5gVJ9fzeX2SSWlLQuyS9,spotify:track:2n5gVJ9fzeX2SSWlLQuyS9,216247,True,68
108,Yung Rich Nation,0sv4nM5FtA8Y3DrvG4CXH8,Migos,6oMuImdp5ZcFhWP0ESe6mG,Pipe It Up,2015-07-31,spotify:album:0sv4nM5FtA8Y3DrvG4CXH8,6eBrlbv2HMYcldwjoMWIrC,spotify:track:6eBrlbv2HMYcldwjoMWIrC,206266,True,53
109,pick up the phone,4MDMfOdhV1IyoRnklwOHG9,Young Thug,50co4Is1HCEo8bhOyUWKpn,pick up the phone,2016-06-03,spotify:album:4MDMfOdhV1IyoRnklwOHG9,4GXl8l1MfZPf2GvpyRPJBf,spotify:track:4GXl8l1MfZPf2GvpyRPJBf,252262,True,68
110,pick up the phone,4MDMfOdhV1IyoRnklwOHG9,Travis Scott,0Y5tJX1MQlPlqiwlOH1tJY,pick up the phone,2016-06-03,spotify:album:4MDMfOdhV1IyoRnklwOHG9,4GXl8l1MfZPf2GvpyRPJBf,spotify:track:4GXl8l1MfZPf2GvpyRPJBf,252262,True,68
111,JEFFERY,7EpUpNUkkEGnaCvkcn1j4H,Young Thug,50co4Is1HCEo8bhOyUWKpn,"Floyd Mayweather (feat. Travis Scott, Gucci Mane and Gunna)",2016-08-26,spotify:album:7EpUpNUkkEGnaCvkcn1j4H,5ALc7rbru6QOLGodVSDocc,spotify:track:5ALc7rbru6QOLGodVSDocc,358506,True,56
112,Slime Season 3,2z4c8M8aVzl7CTobIp36KF,Young Thug,50co4Is1HCEo8bhOyUWKpn,With Them,2016-03-25,spotify:album:2z4c8M8aVzl7CTobIp36KF,0tISnxqgVmxqhVghsTi2Rr,spotify:track:0tISnxqgVmxqhVghsTi2Rr,197746,True,58
113,I'm Up,4sAB9WulPpnAcig7alDGTg,Young Thug,50co4Is1HCEo8bhOyUWKpn,F Cancer (Boosie) [feat. Quavo],2016-02-05,spotify:album:4sAB9WulPpnAcig7alDGTg,1qPK58q90l8KNoWyXsLI2Y,spotify:track:1qPK58q90l8KNoWyXsLI2Y,249639,True,49
114,Champions,1xuSorM2dDIiB5zhftB5NY,Various Artists,0LyfQWJT6nXafLPZqxe9Of,Champions,2016-06-10,spotify:album:1xuSorM2dDIiB5zhftB5NY,2nBI3iWLhupR7LyAJ5GGkE,spotify:track:2nBI3iWLhupR7LyAJ5GGkE,334253,True,68
115,Stay Trippy (Deluxe),1r8dmj9V9ccKNlnLEtFuIH,Juicy J,5gCRApTajqwbnHHPbr2Fpi,One of Those Nights (feat. The Weeknd),2013-12-06,spotify:album:1r8dmj9V9ccKNlnLEtFuIH,6Jc69KjFo9QNailcyDJh2I,spotify:track:6Jc69KjFo9QNailcyDJh2I,256026,True,56
116,EVOL,3jJKDKdlwRS584zUlHV2Ly,Future,1RyvyyTE3xzB2ZywiAwp0i,Low Life (feat. The Weeknd),2016-04-13,spotify:album:3jJKDKdlwRS584zUlHV2Ly,7EiZI6JVHllARrX9PUvAdX,spotify:track:7EiZI6JVHllARrX9PUvAdX,313546,True,75
117,What A Time To Be Alive,1ozpmkWcCHwsQ4QTnxOOdT,Drake,3TVXtAsR1Inumwj472S9r4,Jumpman,2015-09-20,spotify:album:1ozpmkWcCHwsQ4QTnxOOdT,27GmP9AWRs744SzKcpJsTZ,spotify:track:27GmP9AWRs744SzKcpJsTZ,205879,True,74
118,What A Time To Be Alive,1ozpmkWcCHwsQ4QTnxOOdT,Future,1RyvyyTE3xzB2ZywiAwp0i,Jumpman,2015-09-20,spotify:album:1ozpmkWcCHwsQ4QTnxOOdT,27GmP9AWRs744SzKcpJsTZ,spotify:track:27GmP9AWRs744SzKcpJsTZ,205879,True,74
119,DS2 (Deluxe),0fUy6IdLHDpGNwavIlhEsl,Future,1RyvyyTE3xzB2ZywiAwp0i,F*ck Up Some Commas,2015-07-17,spotify:album:0fUy6IdLHDpGNwavIlhEsl,49zD0wr2S3d0lZPib0K4e1,spotify:track:49zD0wr2S3d0lZPib0K4e1,237400,True,67
120,Fan of A Fan The Album (Expanded Edition),4neocSMt40stXKK2B8Sy2G,Chris Brown,7bXgB6jMjp9ATFy66eO08Z,Bitches N Marijuana (feat. ScHoolboy Q),2015-02-24,spotify:album:4neocSMt40stXKK2B8Sy2G,3PiLfzEXHrvT1oJKR8PAJt,spotify:track:3PiLfzEXHrvT1oJKR8PAJt,254693,True,61
121,Fan of A Fan The Album (Expanded Edition),4neocSMt40stXKK2B8Sy2G,Tyga,5LHRHt1k9lMyONurDHEdrp,Bitches N Marijuana (feat. ScHoolboy Q),2015-02-24,spotify:album:4neocSMt40stXKK2B8Sy2G,3PiLfzEXHrvT1oJKR8PAJt,spotify:track:3PiLfzEXHrvT1oJKR8PAJt,254693,True,61
122,No Shopping,7ARKCQ9oUwwfWT36VhQ7V5,French Montana,6vXTefBL93Dj5IqAWq6OTv,No Shopping,2016-07-17,spotify:album:7ARKCQ9oUwwfWT36VhQ7V5,0Di26AbdtizzHkFstPyt7A,spotify:track:0Di26AbdtizzHkFstPyt7A,227727,True,47
123,ALWAYS STRIVE AND PROSPER,2h5LDCGJCWUyaoEXQZHky6,A$AP Ferg,5dHt1vcEm9qb8fCyLcB3HL,New Level (feat. Future),2016-06-22,spotify:album:2h5LDCGJCWUyaoEXQZHky6,25rc1PFgPvtV6GFSloyOI0,spotify:track:25rc1PFgPvtV6GFSloyOI0,264973,True,57
124,ALWAYS STRIVE AND PROSPER,2h5LDCGJCWUyaoEXQZHky6,A$AP Ferg,5dHt1vcEm9qb8fCyLcB3HL,Let It Bang (feat. ScHoolboy Q),2016-06-22,spotify:album:2h5LDCGJCWUyaoEXQZHky6,4yJ61FeTLi14BHzJXzurPi,spotify:track:4yJ61FeTLi14BHzJXzurPi,151306,True,47
125,ALWAYS STRIVE AND PROSPER,2h5LDCGJCWUyaoEXQZHky6,A$AP Ferg,5dHt1vcEm9qb8fCyLcB3HL,Back Hurt (feat. Migos),2016-06-22,spotify:album:2h5LDCGJCWUyaoEXQZHky6,4BWuRZe5uDrhcO3QDhNaxQ,spotify:track:4BWuRZe5uDrhcO3QDhNaxQ,216200,True,38
126,Blasé (feat. Future & Rae Sremmurd),5ldRgI299TdXpk14v9uUJS,Ty Dolla $ign,7c0XG5cIJTrrAgEC3ULPiq,Blasé (feat. Future & Rae Sremmurd),2015-06-26,spotify:album:5ldRgI299TdXpk14v9uUJS,3nW6HqoWdzpdz2oAzkHEoV,spotify:track:3nW6HqoWdzpdz2oAzkHEoV,286144,True,36
127,Rodeo (Expanded Edition),4PWBTB6NYSKQwfo79I3prg,Travis Scott,0Y5tJX1MQlPlqiwlOH1tJY,Antidote,2015-09-04,spotify:album:4PWBTB6NYSKQwfo79I3prg,1wHZx0LgzFHyeIZkUydNXq,spotify:track:1wHZx0LgzFHyeIZkUydNXq,262693,True,76
128,Campaign,7bSsdgWDh5VRI3ZVOXQEj4,Ty Dolla $ign,7c0XG5cIJTrrAgEC3ULPiq,??? (Where) [feat. Migos],2016-09-23,spotify:album:7bSsdgWDh5VRI3ZVOXQEj4,11byn9E2NCI65biHtKOLG2,spotify:track:11byn9E2NCI65biHtKOLG2,265830,True,43
129,Trap Lord,3smlfAmejcKMmAPg1G2Kki,A$AP Ferg,5dHt1vcEm9qb8fCyLcB3HL,Shabba (feat. A$AP Rocky),2013-08-19,spotify:album:3smlfAmejcKMmAPg1G2Kki,7eaKWfov7b2Qa2n6HTesL3,spotify:track:7eaKWfov7b2Qa2n6HTesL3,275866,True,65
130,Birds In The Trap Sing McKnight,42WVQWuf1teDysXiOupIZt,Travis Scott,0Y5tJX1MQlPlqiwlOH1tJY,way back,2016-09-16,spotify:album:42WVQWuf1teDysXiOupIZt,2Zy7XVdxyZQB8xp5xbpJdl,spotify:track:2Zy7XVdxyZQB8xp5xbpJdl,272500,True,68
131,When It's Dark Out,09Q3WwGYsQe5ognkvVkmCu,G-Eazy,02kJSzxNuaWGqwubyUba0Z,Calm Down,2015-12-04,spotify:album:09Q3WwGYsQe5ognkvVkmCu,7xq3uN2toVZ8IbNzfTucyJ,spotify:track:7xq3uN2toVZ8IbNzfTucyJ,127426,True,63
132,"Hella Hoes (feat. A$AP Rocky, A$AP Ferg, A$AP Nast & A$AP Twelvyy)",2WNrT4HGWNJy7xJCZ92Oot,A$AP Mob,7yO4IdJjCEPz7YgZMe25iS,"Hella Hoes (feat. A$AP Rocky, A$AP Ferg, A$AP Nast & A$AP Twelvyy)",2014-06-06,spotify:album:2WNrT4HGWNJy7xJCZ92Oot,7MDKvOzNgAJ3KMCtaP2UOa,spotify:track:7MDKvOzNgAJ3KMCtaP2UOa,211964,True,54
133,Esco Terrestrial,5VletxPN96AaegDoYdMJwy,Future,1RyvyyTE3xzB2ZywiAwp0i,Who,2016-10-06,spotify:album:5VletxPN96AaegDoYdMJwy,2FzMXRTlAbHkEP1N5RrXaW,spotify:track:2FzMXRTlAbHkEP1N5RrXaW,192313,True,0
134,The Return of East Atlanta Santa,4MoVPs5mVFmZ4N6RmNTFWB,Gucci Mane,13y7CgLHjMVRMDqxdx0Xdo,Both (feat. Drake),2016-12-16,spotify:album:4MoVPs5mVFmZ4N6RmNTFWB,5tFep7dXGd7vEJ668wTPux,spotify:track:5tFep7dXGd7vEJ668wTPux,190311,True,69
135,Young Rich N*ggas,4YmTZjHk8SmTFTiVMXBN1A,Migos,6oMuImdp5ZcFhWP0ESe6mG,Hannah Montana,2013-07-09,spotify:album:4YmTZjHk8SmTFTiVMXBN1A,3SnLc0bQjQeE3HgGdNfb8u,spotify:track:3SnLc0bQjQeE3HgGdNfb8u,212712,True,48
136,Call Casting,45Xfa1nwgqACv4BG1WJYFf,Migos,6oMuImdp5ZcFhWP0ESe6mG,Call Casting,2017-01-12,spotify:album:45Xfa1nwgqACv4BG1WJYFf,2SxF6pKTGmQLfkWua5d8j8,spotify:track:2SxF6pKTGmQLfkWua5d8j8,232705,True,27
137,Fake Love,1YxmW7DO2dM05gwMKTbr7l,Drake,3TVXtAsR1Inumwj472S9r4,Fake Love,2016-10-24,spotify:album:1YxmW7DO2dM05gwMKTbr7l,6NMNgWgEAzde5M8U3lc6FN,spotify:track:6NMNgWgEAzde5M8U3lc6FN,207813,True,0
138,Sneakin’,2z3NlPY0n0gHJPCPqrzA6V,Drake,3TVXtAsR1Inumwj472S9r4,Sneakin’,2016-10-24,spotify:album:2z3NlPY0n0gHJPCPqrzA6V,4ckuS4Nj4FZ7i3Def3Br8W,spotify:track:4ckuS4Nj4FZ7i3Def3Br8W,251333,True,65
139,Schemin Up (feat. Drake and P. Reign),6cgyMrFiZf5J9RIbwyX7WL,OB OBrien,4thGcsymOK5oc43gJVtAqZ,Schemin Up (feat. Drake and P. Reign),2014-12-15,spotify:album:6cgyMrFiZf5J9RIbwyX7WL,63M8PK8yavNITSViKUB62p,spotify:track:63M8PK8yavNITSViKUB62p,330769,True,52
140,Up For Days,7MH5ah4TuR5b7ENaloxEtr,Belly,0FOWNUFHPnMy0vOw1siGqi,Might Not,2015-11-20,spotify:album:7MH5ah4TuR5b7ENaloxEtr,5e9aFSdnkQUrm5y8Dhw0qN,spotify:track:5e9aFSdnkQUrm5y8Dhw0qN,224213,True,66
141,Culture,2AvupjUeMnSffKEV05x222,Migos,6oMuImdp5ZcFhWP0ESe6mG,T-Shirt,2017-01-27,spotify:album:2AvupjUeMnSffKEV05x222,7KOlJ92bu51cltsD9KU5I7,spotify:track:7KOlJ92bu51cltsD9KU5I7,242407,True,68
142,U Mad,0ssmI1Nu1oYmi13w6GaiDJ,VIC MENSA,27w1NoOLMX7tJMYqcetPyG,U Mad,2015-04-20,spotify:album:0ssmI1Nu1oYmi13w6GaiDJ,3KiEydhjn7yf58h9jBD5Sa,spotify:track:3KiEydhjn7yf58h9jBD5Sa,299800,True,57
143,Dark Sky Paradise (Deluxe),3QZ9gSv35M8vfQA127l3vn,Big Sean,0c173mlxpT3dSFRgMO8XPh,I Don't Fuck With You,2015-02-23,spotify:album:3QZ9gSv35M8vfQA127l3vn,4w7yrP4RAeeyhfG9nJqQvS,spotify:track:4w7yrP4RAeeyhfG9nJqQvS,284386,True,0
144,Major Key,5qHyKDjwycRj1fJyPLt2HQ,DJ Khaled,0QHgL1lAIqAw0HtD7YldmP,For Free (feat. Drake),2016-08-05,spotify:album:5qHyKDjwycRj1fJyPLt2HQ,5TqBAOIBe0bQA0spNdcG3k,spotify:track:5TqBAOIBe0bQA0spNdcG3k,183695,True,54
145,"good kid, m.A.A.d city",6PBZN8cbwkqm1ERj2BGXJ1,Kendrick Lamar,2YZyLoL8N0Wb9xBt1NhZWg,m.A.A.d city,2012,spotify:album:6PBZN8cbwkqm1ERj2BGXJ1,439TlnnznSiBbQbgXiBqAd,spotify:track:439TlnnznSiBbQbgXiBqAd,350120,True,68
146,The Black Album,4FWvo9oS4gRgHtAwDwUjiO,JAY-Z,3nFkdlSjzX9mRTtwJOzDYB,Dirt Off Your Shoulder,2003-11-14,spotify:album:4FWvo9oS4gRgHtAwDwUjiO,3IrkbGQCoEPAkzJ0Tkv8nm,spotify:track:3IrkbGQCoEPAkzJ0Tkv8nm,245173,True,62
147,Kingdom Come,3A29Ss77LjRZ3sKuauWieY,JAY-Z,3nFkdlSjzX9mRTtwJOzDYB,Show Me What You Got,2006-11-21,spotify:album:3A29Ss77LjRZ3sKuauWieY,1SlPhbS52PbNqqVCqGU12I,spotify:track:1SlPhbS52PbNqqVCqGU12I,223120,True,39
148,BagBak,0FwkV00flDDvATnVTpUf3y,Vince Staples,68kEuyFKyqrdQQLLsmiatm,BagBak,2017-02-03,spotify:album:0FwkV00flDDvATnVTpUf3y,0ylljWEG3ggkTlQbnUZb3Q,spotify:track:0ylljWEG3ggkTlQbnUZb3Q,160506,True,0
149,FUTURE,4YtTX4GPvBvewbJvBfXCS2,Future,1RyvyyTE3xzB2ZywiAwp0i,Mask Off,2017-08-04,spotify:album:4YtTX4GPvBvewbJvBfXCS2,3rOSwuTsUlJp0Pu0MkN8r8,spotify:track:3rOSwuTsUlJp0Pu0MkN8r8,204600,True,45
150,More Life,1lXY618HWkwYKJWBRYR4MK,Drake,3TVXtAsR1Inumwj472S9r4,Gyalchester,2017-03-18,spotify:album:1lXY618HWkwYKJWBRYR4MK,6UjfByV1lDLW0SOVQA4NAi,spotify:track:6UjfByV1lDLW0SOVQA4NAi,189229,True,69
151,More Life,1lXY618HWkwYKJWBRYR4MK,Drake,3TVXtAsR1Inumwj472S9r4,Portland,2017-03-18,spotify:album:1lXY618HWkwYKJWBRYR4MK,2bjwRfXMk4uRgOD9IBYl9h,spotify:track:2bjwRfXMk4uRgOD9IBYl9h,236614,True,73
152,HUMBLE.,745wm87LGZxRYeyGM0z96J,Kendrick Lamar,2YZyLoL8N0Wb9xBt1NhZWg,HUMBLE.,2017-03-31,spotify:album:745wm87LGZxRYeyGM0z96J,31c9IHwCIONmUYW0jL7Riz,spotify:track:31c9IHwCIONmUYW0jL7Riz,177604,True,2
153,SremmLife 2 (Deluxe),5v6iBhIlflzR9rEd1LAMbd,Rae Sremmurd,7iZtZyCzp3LItcw1wtPI3D,Black Beatles,2016-08-12,spotify:album:5v6iBhIlflzR9rEd1LAMbd,6fujklziTHa8uoM5OQSfIo,spotify:track:6fujklziTHa8uoM5OQSfIo,291893,True,76
154,Grand Hustle Presents In Da Streetz Volume 4 (Explicit Version),0WiZN3oSm6JDHVlBV7IRDC,Various Artists,0LyfQWJT6nXafLPZqxe9Of,"Top Back Remix (feat. Young Jeezy, Young Dro, Big Kuntry King, B.G.)",2006-12-18,spotify:album:0WiZN3oSm6JDHVlBV7IRDC,1H3j02k8vrhbPekOqV00mG,spotify:track:1H3j02k8vrhbPekOqV00mG,272146,True,0
155,Playboi Carti,4rJgzzfFHAVFhCSt2P4I3j,Playboi Carti,699OTQXzgjhIYAHMy9RyPD,Magnolia,2017-04-14,spotify:album:4rJgzzfFHAVFhCSt2P4I3j,1e1JKLEDKP7hEQzJfNAgPl,spotify:track:1e1JKLEDKP7hEQzJfNAgPl,181812,True,76
156,Big Fish,22mvgB51PRJNYckzgeHNUv,Vince Staples,68kEuyFKyqrdQQLLsmiatm,Big Fish,2017-05-18,spotify:album:22mvgB51PRJNYckzgeHNUv,1hsCcm0xujceILNvgRfrVB,spotify:track:1hsCcm0xujceILNvgRfrVB,198053,False,0
157,The R.E.D. Album,6PvZnd9Q2ymDo3gpoM5I37,The Game,0NbfKEOTQCcwd6o7wSDOHI,Martians Vs Goblins,2011-01-01,spotify:album:6PvZnd9Q2ymDo3gpoM5I37,1UIcqXAA24eg76EFWViwr5,spotify:track:1UIcqXAA24eg76EFWViwr5,228826,True,60
158,BUTTERFLY EFFECT,4fOw7xSDwqb58Z2Qia5j81,Travis Scott,0Y5tJX1MQlPlqiwlOH1tJY,BUTTERFLY EFFECT,2017-05-18,spotify:album:4fOw7xSDwqb58Z2Qia5j81,1yxgsra98r3qAtxqiGZPiX,spotify:track:1yxgsra98r3qAtxqiGZPiX,190677,False,2
159,bloom,3yWRq9Dd2UO5xyqxTjLDmp,Machine Gun Kelly,6TIYQ3jFPwQSRmorSezPxX,Trap Paris (feat. Quavo & Ty Dolla $ign),2017-05-12,spotify:album:3yWRq9Dd2UO5xyqxTjLDmp,5hfpu8saHLGedbHRtNCYjm,spotify:track:5hfpu8saHLGedbHRtNCYjm,203000,True,54
160,Blank Face LP,0YbpATCIng8Fz2JrfHmEf7,ScHoolboy Q,5IcR3N7QB1j6KBL8eImZ8m,JoHn Muir,2016-07-08,spotify:album:0YbpATCIng8Fz2JrfHmEf7,7sr74Bz3GBTNMQe1m4F5Ut,spotify:track:7sr74Bz3GBTNMQe1m4F5Ut,219026,True,56
161,Oxymoron (Deluxe),7Et3bSTLLqdABO1qCxUplS,ScHoolboy Q,5IcR3N7QB1j6KBL8eImZ8m,Collard Greens,2014-01-01,spotify:album:7Et3bSTLLqdABO1qCxUplS,0zO8ctW0UiuOefR87OeJOZ,spotify:track:0zO8ctW0UiuOefR87OeJOZ,299960,True,73
162,Setbacks,5QGtxFOTTr0Z4TyUQNVOKO,ScHoolboy Q,5IcR3N7QB1j6KBL8eImZ8m,LigHt Years AHead (Sky HigH),2011-01-11,spotify:album:5QGtxFOTTr0Z4TyUQNVOKO,1hjOus1mOUJ5lObEg2I077,spotify:track:1hjOus1mOUJ5lObEg2I077,251783,True,38
163,Setbacks,5QGtxFOTTr0Z4TyUQNVOKO,ScHoolboy Q,5IcR3N7QB1j6KBL8eImZ8m,Rolling Stone,2011-01-11,spotify:album:5QGtxFOTTr0Z4TyUQNVOKO,7x9vJE3Xa7mIH106rzO9Tk,spotify:track:7x9vJE3Xa7mIH106rzO9Tk,216569,True,47
164,Old English,1uxU3gVbnwKwDlcY3FV8QJ,Young Thug,50co4Is1HCEo8bhOyUWKpn,Old English,2014-07-01,spotify:album:1uxU3gVbnwKwDlcY3FV8QJ,2MO3mSPBH8U9qalH72vqZ1,spotify:track:2MO3mSPBH8U9qalH72vqZ1,201960,False,0
165,Old English,1uxU3gVbnwKwDlcY3FV8QJ,A$AP Ferg,5dHt1vcEm9qb8fCyLcB3HL,Old English,2014-07-01,spotify:album:1uxU3gVbnwKwDlcY3FV8QJ,2MO3mSPBH8U9qalH72vqZ1,spotify:track:2MO3mSPBH8U9qalH72vqZ1,201960,False,0
166,Old English,1uxU3gVbnwKwDlcY3FV8QJ,Freddie Gibbs,0Y4inQK6OespitzD6ijMwb,Old English,2014-07-01,spotify:album:1uxU3gVbnwKwDlcY3FV8QJ,2MO3mSPBH8U9qalH72vqZ1,spotify:track:2MO3mSPBH8U9qalH72vqZ1,201960,False,0
167,LONG.LIVE.A$AP (Deluxe Version),1E1eyI5uGllppJZCxNoF9w,A$AP Rocky,13ubrt8QOOCPljQ2FL1Kca,1Train,2013-01-11,spotify:album:1E1eyI5uGllppJZCxNoF9w,7AijU6oTPGmG64uWf63Qvc,spotify:track:7AijU6oTPGmG64uWf63Qvc,372173,True,0
168,Kanye West Presents Good Music Cruel Summer,0cGgwoMge4N2zpTiP2GU6d,Various Artists,0LyfQWJT6nXafLPZqxe9Of,Don't Like.1,2012-01-01,spotify:album:0cGgwoMge4N2zpTiP2GU6d,12D0n7hKpPcjuUpcbAKjjr,spotify:track:12D0n7hKpPcjuUpcbAKjjr,283653,True,59
169,Jesus Piece (Deluxe),5IBNSiR9VYaGIxOfcOJ2LB,The Game,0NbfKEOTQCcwd6o7wSDOHI,Ali Bomaye,2012-01-01,spotify:album:5IBNSiR9VYaGIxOfcOJ2LB,0LFcFGLYTX6UmeIdO7NVd7,spotify:track:0LFcFGLYTX6UmeIdO7NVd7,372706,True,67
170,Because The Internet,0zi2TaQkYxfXIBvl2yTjQJ,Childish Gambino,73sIBHcqh3Z3NyqHKZ7FOL,IV. Sweatpants,2013-01-01,spotify:album:0zi2TaQkYxfXIBvl2yTjQJ,2rmq49FcJ4U3wh1Z7C9UxE,spotify:track:2rmq49FcJ4U3wh1Z7C9UxE,180680,True,0
171,2001,7q2B4M5EiBkqrlsNW8lB7N,Dr. Dre,6DPYiyq5kWVQS4RGwxzPC7,Still D.R.E.,1999-11-16,spotify:album:7q2B4M5EiBkqrlsNW8lB7N,503OTo2dSqe7qk76rgsbep,spotify:track:503OTo2dSqe7qk76rgsbep,270586,True,81
172,Yay Yay,15e42MdyTx5V4ugn0O5Z05,ScHoolboy Q,5IcR3N7QB1j6KBL8eImZ8m,Yay Yay,2013-01-01,spotify:album:15e42MdyTx5V4ugn0O5Z05,6n0KwBRfQX2O5CPAfdcD6a,spotify:track:6n0KwBRfQX2O5CPAfdcD6a,271773,True,0
173,Grateful,3HhZbSJdhOqMSaRbEt3gtw,DJ Khaled,0QHgL1lAIqAw0HtD7YldmP,"Iced Out My Arms (feat. Future, Migos, 21 Savage & T.I.)",2017-06-22,spotify:album:3HhZbSJdhOqMSaRbEt3gtw,2ClE3QfsNx9p0zjPKxmUYq,spotify:track:2ClE3QfsNx9p0zjPKxmUYq,275533,True,38
174,DROGAS Light,2utMSPHiSIHEg2vb9awgDi,Lupe Fiasco,01QTIT5P1pFP3QnnFSdsJf,Promise,2017-02-10,spotify:album:2utMSPHiSIHEg2vb9awgDi,4MzkYx6KAEKNb0V1eftx8H,spotify:track:4MzkYx6KAEKNb0V1eftx8H,272221,True,35
175,Barter 6,0BsMZIueWsJLWng8A7sE8e,Young Thug,50co4Is1HCEo8bhOyUWKpn,Check,2015-04-16,spotify:album:0BsMZIueWsJLWng8A7sE8e,1jk9c0gZI0wbn5GvAj7PBV,spotify:track:1jk9c0gZI0wbn5GvAj7PBV,230693,True,64
176,"East Coast REMIX (feat. Busta Rhymes, A$AP Rocky, Dave East, French Montana, Rick Ross & Snoop Dogg)",46LLRn6y7TOMT96frj1KWO,A$AP Ferg,5dHt1vcEm9qb8fCyLcB3HL,"East Coast REMIX (feat. Busta Rhymes, A$AP Rocky, Dave East, French Montana, Rick Ross & Snoop Dogg)",2017-08-04,spotify:album:46LLRn6y7TOMT96frj1KWO,67c4kWwica8i1bxNJc1rkq,spotify:track:67c4kWwica8i1bxNJc1rkq,334895,True,35
177,Nasty (Who Dat) (feat. Migos),1W3KMjVKG9AcdKGkhfKwIY,A$AP Ferg,5dHt1vcEm9qb8fCyLcB3HL,Nasty (Who Dat) (feat. Migos),2017-08-11,spotify:album:1W3KMjVKG9AcdKGkhfKwIY,4GBuL6fgtVXJNgP1GzoF6Z,spotify:track:4GBuL6fgtVXJNgP1GzoF6Z,210681,True,37
178,Plain Jane,0EjBxyMCOkBqeMZS9PJyxw,A$AP Ferg,5dHt1vcEm9qb8fCyLcB3HL,Plain Jane,2017-08-04,spotify:album:0EjBxyMCOkBqeMZS9PJyxw,3CrGhzG1oFEpgyK9XlxrXq,spotify:track:3CrGhzG1oFEpgyK9XlxrXq,173254,True,45
179,"RAF (feat. A$AP Rocky, Playboi Carti, Quavo, Lil Uzi Vert & Frank Ocean)",25qGbr8e0Mxv2GfyRJHoXq,A$AP Mob,7yO4IdJjCEPz7YgZMe25iS,"RAF (feat. A$AP Rocky, Playboi Carti, Quavo, Lil Uzi Vert & Frank Ocean)",2017-05-22,spotify:album:25qGbr8e0Mxv2GfyRJHoXq,6kl1qtQXQsFiIWRBK24Cfp,spotify:track:6kl1qtQXQsFiIWRBK24Cfp,255413,True,63
180,Jungle Rules,4c2p3TdN7NcQfCXyueCNnC,French Montana,6vXTefBL93Dj5IqAWq6OTv,Migo Montana,2017-07-14,spotify:album:4c2p3TdN7NcQfCXyueCNnC,2Y3zcR4Zk0XyNtscjr7qvN,spotify:track:2Y3zcR4Zk0XyNtscjr7qvN,218612,True,38
181,Quentin Tarantino’s Django Unchained Original Motion Picture Soundtrack,2qwPVMQzybhS2jopA0wMy7,Various Artists,0LyfQWJT6nXafLPZqxe9Of,Unchained (The Payback / Untouchable),2012-01-01,spotify:album:2qwPVMQzybhS2jopA0wMy7,1zPkAyWzIAePfmbhHetqK7,spotify:track:1zPkAyWzIAePfmbhHetqK7,171573,True,41
182,No Complaints,4VXEIoFGEjhFMW7wYAvWSf,Metro Boomin,0iEtIxbK0KxaSlF7G42ZOp,No Complaints,2017-06-23,spotify:album:4VXEIoFGEjhFMW7wYAvWSf,6kig1UFggPUyZBCvXD3Wod,spotify:track:6kig1UFggPUyZBCvXD3Wod,261733,True,0
183,"good kid, m.A.A.d city (Deluxe)",3DGQ1iZ9XKUQxAUWjfC34w,Kendrick Lamar,2YZyLoL8N0Wb9xBt1NhZWg,Backseat Freestyle,2012,spotify:album:3DGQ1iZ9XKUQxAUWjfC34w,3aGibUHhQyBsyumYHylw0K,spotify:track:3aGibUHhQyBsyumYHylw0K,212653,True,68
184,SATURATION II,0XnqQzdSFAml08XZoRt1St,BROCKHAMPTON,1Bl6wpkWCQ4KVgnASpvzzA,GUMMY,2017-08-25,spotify:album:0XnqQzdSFAml08XZoRt1St,42tBlHWL3VfDkUM2iWcc5p,spotify:track:42tBlHWL3VfDkUM2iWcc5p,261000,True,60
185,Culture,2AvupjUeMnSffKEV05x222,Migos,6oMuImdp5ZcFhWP0ESe6mG,Slippery (feat. Gucci Mane),2017-01-27,spotify:album:2AvupjUeMnSffKEV05x222,6p8NuHm8uCGnn2Dtbtf7zE,spotify:track:6p8NuHm8uCGnn2Dtbtf7zE,304041,True,72
186,Rodeo (Expanded Edition),4PWBTB6NYSKQwfo79I3prg,Travis Scott,0Y5tJX1MQlPlqiwlOH1tJY,Oh My Dis Side (feat. Quavo),2015-09-04,spotify:album:4PWBTB6NYSKQwfo79I3prg,2rMFawCg4BW65jzbwztXAV,spotify:track:2rMFawCg4BW65jzbwztXAV,351253,True,65
187,Rodeo (Expanded Edition),4PWBTB6NYSKQwfo79I3prg,Travis Scott,0Y5tJX1MQlPlqiwlOH1tJY,Ok Alright (feat. ScHoolboy Q),2015-09-04,spotify:album:4PWBTB6NYSKQwfo79I3prg,0MRZ9nMoLc7qQ8Nhovv8C8,spotify:track:0MRZ9nMoLc7qQ8Nhovv8C8,417693,True,56
188,Lifestyles Rg,1dCzFbpWfGnPyTFVQVDcQe,Various Artists,0LyfQWJT6nXafLPZqxe9Of,The Blanguage,2014-04-26,spotify:album:1dCzFbpWfGnPyTFVQVDcQe,23z0NFaX0CYXoetju87A4z,spotify:track:23z0NFaX0CYXoetju87A4z,252264,True,37
189,Mr. Davis,2aTOwGU66ocsf8IQpOI0XZ,Gucci Mane,13y7CgLHjMVRMDqxdx0Xdo,I Get the Bag (feat. Migos),2017-10-13,spotify:album:2aTOwGU66ocsf8IQpOI0XZ,1XRgIKC5TPwo7nWGyKqgG0,spotify:track:1XRgIKC5TPwo7nWGyKqgG0,233087,True,73
190,SUPER SLIMEY,187UNqZ7MX3neMYkkevmdm,Future,1RyvyyTE3xzB2ZywiAwp0i,Patek Water (feat. Offset),2017-10-20,spotify:album:187UNqZ7MX3neMYkkevmdm,7r6LNJT2LqpLpEyZQJPygt,spotify:track:7r6LNJT2LqpLpEyZQJPygt,189480,True,59
191,SUPER SLIMEY,187UNqZ7MX3neMYkkevmdm,Young Thug,50co4Is1HCEo8bhOyUWKpn,Patek Water (feat. Offset),2017-10-20,spotify:album:187UNqZ7MX3neMYkkevmdm,7r6LNJT2LqpLpEyZQJPygt,spotify:track:7r6LNJT2LqpLpEyZQJPygt,189480,True,59
192,New Freezer (feat. Kendrick Lamar),5LaCH6lgcr6LaNdb3ldZrp,Rich The Kid,1pPmIToKXyGdsCF6LmqLmI,New Freezer (feat. Kendrick Lamar),2017-09-25,spotify:album:5LaCH6lgcr6LaNdb3ldZrp,4pYZLpX23Vx8rwDpJCpPTA,spotify:track:4pYZLpX23Vx8rwDpJCpPTA,193173,True,0
193,Luv Is Rage 2,733e1ZfktLSwj96X5rsMeE,Lil Uzi Vert,4O15NlyKLIASxsJ0PrXPfz,Sauce It Up,2017-08-25,spotify:album:733e1ZfktLSwj96X5rsMeE,1uL78kFWxhz3umTMWJu8n5,spotify:track:1uL78kFWxhz3umTMWJu8n5,207038,True,69
194,Gilligan (feat. A$AP Rocky & Juicy J),0KugvH7L0uh3QVcIjxh4nX,Shelley FKA DRAM,5M0lbkGluOPXLeFjApw8r8,Gilligan,2017-04-21,spotify:album:0KugvH7L0uh3QVcIjxh4nX,2frDm1v0SFNyeduw3gO632,spotify:track:2frDm1v0SFNyeduw3gO632,207800,True,44
195,SYRE,4IFpj2jyRcugt1yzH82m3E,Jaden,0xOeVMOz2fVg5BJY3N6akT,Watch Me,2017-11-17,spotify:album:4IFpj2jyRcugt1yzH82m3E,3lz2JgAt4cyr04qDlBgTOv,spotify:track:3lz2JgAt4cyr04qDlBgTOv,154456,True,58
196,Too Hotty,3Mn6loHNI1yHk1GmKLoeJS,Various Artists,0LyfQWJT6nXafLPZqxe9Of,Too Hotty,2017-08-25,spotify:album:3Mn6loHNI1yHk1GmKLoeJS,6rcKz2VYbcaHJ0qSXucR56,spotify:track:6rcKz2VYbcaHJ0qSXucR56,297377,True,0
197,MotorSport,55IoPTWDaFLWGhxR7E4YSH,Migos,6oMuImdp5ZcFhWP0ESe6mG,MotorSport,2017-10-27,spotify:album:55IoPTWDaFLWGhxR7E4YSH,1YZfcVLbbJwfizR5cDOp3q,spotify:track:1YZfcVLbbJwfizR5cDOp3q,307660,True,0
198,MotorSport,55IoPTWDaFLWGhxR7E4YSH,Nicki Minaj,0hCNtLu0JehylgoiP8L4Gh,MotorSport,2017-10-27,spotify:album:55IoPTWDaFLWGhxR7E4YSH,1YZfcVLbbJwfizR5cDOp3q,spotify:track:1YZfcVLbbJwfizR5cDOp3q,307660,True,0
199,MotorSport,55IoPTWDaFLWGhxR7E4YSH,Cardi B,4kYSro6naA4h99UJvo89HB,MotorSport,2017-10-27,spotify:album:55IoPTWDaFLWGhxR7E4YSH,1YZfcVLbbJwfizR5cDOp3q,spotify:track:1YZfcVLbbJwfizR5cDOp3q,307660,True,0
200,Without Warning,0MV1yCXcNNQBfwApqAVkH0,21 Savage,1URnnhqYAYcrqrcwql10ft,Ghostface Killers,2017-10-30,spotify:album:0MV1yCXcNNQBfwApqAVkH0,5u6vkDnOyaf8LsteDAj2ub,spotify:track:5u6vkDnOyaf8LsteDAj2ub,268933,True,71
201,Without Warning,0MV1yCXcNNQBfwApqAVkH0,Offset,4DdkRBBYG6Yk9Ka8tdJ9BW,Ghostface Killers,2017-10-30,spotify:album:0MV1yCXcNNQBfwApqAVkH0,5u6vkDnOyaf8LsteDAj2ub,spotify:track:5u6vkDnOyaf8LsteDAj2ub,268933,True,71
202,Without Warning,0MV1yCXcNNQBfwApqAVkH0,Metro Boomin,0iEtIxbK0KxaSlF7G42ZOp,Ghostface Killers,2017-10-30,spotify:album:0MV1yCXcNNQBfwApqAVkH0,5u6vkDnOyaf8LsteDAj2ub,spotify:track:5u6vkDnOyaf8LsteDAj2ub,268933,True,71
203,Project Baby 2: All Grown Up,51wp3EOOp2mBIjhZjR7W0i,Kodak Black,46SHBwWsqBkxI7EeeBEQG7,Transportin',2017-08-18,spotify:album:51wp3EOOp2mBIjhZjR7W0i,1WIZiOuNO3woKfdlSK2gNn,spotify:track:1WIZiOuNO3woKfdlSK2gNn,169344,True,72
204,Stir Fry,2mDzhes9hFHQiBEMkvVtkF,Migos,6oMuImdp5ZcFhWP0ESe6mG,Stir Fry,2017-12-20,spotify:album:2mDzhes9hFHQiBEMkvVtkF,4fndbjoz1qJyK6JcLdKfzm,spotify:track:4fndbjoz1qJyK6JcLdKfzm,192131,True,0
205,Without Warning,0MV1yCXcNNQBfwApqAVkH0,21 Savage,1URnnhqYAYcrqrcwql10ft,Ric Flair Drip (& Metro Boomin),2017-10-30,spotify:album:0MV1yCXcNNQBfwApqAVkH0,7sO5G9EABYOXQKNPNiE9NR,spotify:track:7sO5G9EABYOXQKNPNiE9NR,172800,True,82
206,Without Warning,0MV1yCXcNNQBfwApqAVkH0,Offset,4DdkRBBYG6Yk9Ka8tdJ9BW,Ric Flair Drip (& Metro Boomin),2017-10-30,spotify:album:0MV1yCXcNNQBfwApqAVkH0,7sO5G9EABYOXQKNPNiE9NR,spotify:track:7sO5G9EABYOXQKNPNiE9NR,172800,True,82
207,Without Warning,0MV1yCXcNNQBfwApqAVkH0,Metro Boomin,0iEtIxbK0KxaSlF7G42ZOp,Ric Flair Drip (& Metro Boomin),2017-10-30,spotify:album:0MV1yCXcNNQBfwApqAVkH0,7sO5G9EABYOXQKNPNiE9NR,spotify:track:7sO5G9EABYOXQKNPNiE9NR,172800,True,82
208,Look Alive (feat. Drake),7GGoJfKFOwDNuiLjjfzyCS,BlocBoy JB,4TEJudQY2pXxVHPE3gD2EU,Look Alive (feat. Drake),2018-02-09,spotify:album:7GGoJfKFOwDNuiLjjfzyCS,4qKcDkK6siZ7Jp1Jb4m0aL,spotify:track:4qKcDkK6siZ7Jp1Jb4m0aL,181263,True,77
209,Look Alive (feat. Drake),7GGoJfKFOwDNuiLjjfzyCS,Drake,3TVXtAsR1Inumwj472S9r4,Look Alive (feat. Drake),2018-02-09,spotify:album:7GGoJfKFOwDNuiLjjfzyCS,4qKcDkK6siZ7Jp1Jb4m0aL,spotify:track:4qKcDkK6siZ7Jp1Jb4m0aL,181263,True,77
210,Culture II,7fd7SEK25VS3gJAUgSwL6y,Migos,6oMuImdp5ZcFhWP0ESe6mG,BBO (Bad Bitches Only),2018-01-26,spotify:album:7fd7SEK25VS3gJAUgSwL6y,4BHzHISX21PYwGXiBEUQ70,spotify:track:4BHzHISX21PYwGXiBEUQ70,251858,True,62
211,Culture II,7fd7SEK25VS3gJAUgSwL6y,Migos,6oMuImdp5ZcFhWP0ESe6mG,Auto Pilot,2018-01-26,spotify:album:7fd7SEK25VS3gJAUgSwL6y,4Kw3CztmD15X1QGDnnHmLD,spotify:track:4Kw3CztmD15X1QGDnnHmLD,287992,True,49
212,Culture II,7fd7SEK25VS3gJAUgSwL6y,Migos,6oMuImdp5ZcFhWP0ESe6mG,Emoji A Chain,2018-01-26,spotify:album:7fd7SEK25VS3gJAUgSwL6y,0G9rmRmQDFk9O2tzZLyRkc,spotify:track:0G9rmRmQDFk9O2tzZLyRkc,315185,True,51
213,Cozy Tapes Vol. 2: Too Cozy,0qr1Fvi1haEDWVbFtekZLb,A$AP Mob,7yO4IdJjCEPz7YgZMe25iS,"Frat Rules (feat. A$AP Rocky, Playboi Carti & Big Sean)",2017-08-25,spotify:album:0qr1Fvi1haEDWVbFtekZLb,0RyA3o15NOLJYtm9NlDu5c,spotify:track:0RyA3o15NOLJYtm9NlDu5c,218946,True,63
214,Black Panther The Album Music From And Inspired By,3pLdWdkj83EYfDN6H2N8MR,Kendrick Lamar,2YZyLoL8N0Wb9xBt1NhZWg,Pray For Me (with Kendrick Lamar),2018-02-09,spotify:album:3pLdWdkj83EYfDN6H2N8MR,77UjLW8j5UAGAGVGhR5oUK,spotify:track:77UjLW8j5UAGAGVGhR5oUK,211440,True,72
215,Black Panther The Album Music From And Inspired By,3pLdWdkj83EYfDN6H2N8MR,SZA,7tYKF4w9nC0nq9CsPZTHyP,Pray For Me (with Kendrick Lamar),2018-02-09,spotify:album:3pLdWdkj83EYfDN6H2N8MR,77UjLW8j5UAGAGVGhR5oUK,spotify:track:77UjLW8j5UAGAGVGhR5oUK,211440,True,72
216,Black Panther The Album Music From And Inspired By,3pLdWdkj83EYfDN6H2N8MR,Kendrick Lamar,2YZyLoL8N0Wb9xBt1NhZWg,X (with 2 Chainz & Saudi),2018-02-09,spotify:album:3pLdWdkj83EYfDN6H2N8MR,4LmAnpjlhWTahvRkYR8xJa,spotify:track:4LmAnpjlhWTahvRkYR8xJa,267426,True,69
217,Black Panther The Album Music From And Inspired By,3pLdWdkj83EYfDN6H2N8MR,SZA,7tYKF4w9nC0nq9CsPZTHyP,X (with 2 Chainz & Saudi),2018-02-09,spotify:album:3pLdWdkj83EYfDN6H2N8MR,4LmAnpjlhWTahvRkYR8xJa,spotify:track:4LmAnpjlhWTahvRkYR8xJa,267426,True,69
218,Black Panther The Album Music From And Inspired By,3pLdWdkj83EYfDN6H2N8MR,Kendrick Lamar,2YZyLoL8N0Wb9xBt1NhZWg,"King's Dead (with Kendrick Lamar, Future & James Blake)",2018-02-09,spotify:album:3pLdWdkj83EYfDN6H2N8MR,1eLSF6HfrRA0AsNmTkUlKx,spotify:track:1eLSF6HfrRA0AsNmTkUlKx,225266,True,65
219,Black Panther The Album Music From And Inspired By,3pLdWdkj83EYfDN6H2N8MR,SZA,7tYKF4w9nC0nq9CsPZTHyP,"King's Dead (with Kendrick Lamar, Future & James Blake)",2018-02-09,spotify:album:3pLdWdkj83EYfDN6H2N8MR,1eLSF6HfrRA0AsNmTkUlKx,spotify:track:1eLSF6HfrRA0AsNmTkUlKx,225266,True,65
220,Black Panther The Album Music From And Inspired By,3pLdWdkj83EYfDN6H2N8MR,Kendrick Lamar,2YZyLoL8N0Wb9xBt1NhZWg,Opps (with Yugen Blakrok),2018-02-09,spotify:album:3pLdWdkj83EYfDN6H2N8MR,7bUcBztfGqO7cSI2gMZeCI,spotify:track:7bUcBztfGqO7cSI2gMZeCI,180893,True,59
221,Black Panther The Album Music From And Inspired By,3pLdWdkj83EYfDN6H2N8MR,SZA,7tYKF4w9nC0nq9CsPZTHyP,Opps (with Yugen Blakrok),2018-02-09,spotify:album:3pLdWdkj83EYfDN6H2N8MR,7bUcBztfGqO7cSI2gMZeCI,spotify:track:7bUcBztfGqO7cSI2gMZeCI,180893,True,59
222,44 More,6xEahv0rPP5PHJh4kpQ6jT,Logic,4xRYI6VqpkE3UwrDrAZL8L,44 More,2018-02-23,spotify:album:6xEahv0rPP5PHJh4kpQ6jT,6iyp6udVpLuq3MCUulZT4h,spotify:track:6iyp6udVpLuq3MCUulZT4h,188613,True,0
223,Achoo,7A1YvHtwUCd4EjhJBd3zTo,Keith Ape,6f9bmfkqiYbhCtdAZsv7KI,Achoo,2017-10-03,spotify:album:7A1YvHtwUCd4EjhJBd3zTo,2huH9q26JmfR0BzV4xKzny,spotify:track:2huH9q26JmfR0BzV4xKzny,244000,True,0
224,Achoo,7A1YvHtwUCd4EjhJBd3zTo,Ski Mask The Slump God,2rhFzFmezpnW82MNqEKVry,Achoo,2017-10-03,spotify:album:7A1YvHtwUCd4EjhJBd3zTo,2huH9q26JmfR0BzV4xKzny,spotify:track:2huH9q26JmfR0BzV4xKzny,244000,True,0
