,song_name,artist_id,artist_name,type,uri_x,song_id,uri_y,duration_ms,explicit,popularity,playlist_id,playlist_name
0,Come Over,7GN9PivdemQRKjDt4z5Zv8,The Internet,artist,spotify:artist:7GN9PivdemQRKjDt4z5Zv8,2hPNuVVSV1tqiD2uPlfehz,spotify:track:2hPNuVVSV1tqiD2uPlfehz,321853,True,57,5myx61jwlbF2iMDVWNK0Ps,wrist whippin
1,By the Poolside,73dudJ9j0HStIhJDU8MjMI,Feng Suave,artist,spotify:artist:73dudJ9j0HStIhJDU8MjMI,4XTWiowLNAWfdc3YNq59VU,spotify:track:4XTWiowLNAWfdc3YNq59VU,217116,False,0,5myx61jwlbF2iMDVWNK0Ps,wrist whippin
2,Westside,6f96znq79wvlknKHHHhtTW,Jarreau Vandal,artist,spotify:artist:6f96znq79wvlknKHHHhtTW,4rU2eED2YPnmmrVmLlaYVI,spotify:track:4rU2eED2YPnmmrVmLlaYVI,179629,False,27,5myx61jwlbF2iMDVWNK0Ps,wrist whippin
3,How's It Wrong,6O4EGCCb6DoIiR6B1QCQgp,Toro y Moi,artist,spotify:artist:6O4EGCCb6DoIiR6B1QCQgp,3P5iJl5H2nOmWNMsCFuqFs,spotify:track:3P5iJl5H2nOmWNMsCFuqFs,234079,False,31,5myx61jwlbF2iMDVWNK0Ps,wrist whippin
4,Bedroom,2z6JjrrJKNLilqlx8mlxcc,Litany,artist,spotify:artist:2z6JjrrJKNLilqlx8mlxcc,3LH6EfPCeySeuymuK2gWAO,spotify:track:3LH6EfPCeySeuymuK2gWAO,186781,False,63,5myx61jwlbF2iMDVWNK0Ps,wrist whippin
5,Sunflower - Spider-Man: Into the Spider-Verse,246dkjvS1zLTtiykXe5h60,Post Malone,artist,spotify:artist:246dkjvS1zLTtiykXe5h60,1A6OTy97kk0mMdm78rHsm8,spotify:track:1A6OTy97kk0mMdm78rHsm8,158053,False,6,5myx61jwlbF2iMDVWNK0Ps,wrist whippin
6,Sunflower - Spider-Man: Into the Spider-Verse,1zNqQNIdeOUZHb8zbZRFMX,Swae Lee,artist,spotify:artist:1zNqQNIdeOUZHb8zbZRFMX,1A6OTy97kk0mMdm78rHsm8,spotify:track:1A6OTy97kk0mMdm78rHsm8,158053,False,6,5myx61jwlbF2iMDVWNK0Ps,wrist whippin
7,Cheers (feat. Q-Tip),3jK9MiCrA42lLAdMGUZpwa,Anderson .Paak,artist,spotify:artist:3jK9MiCrA42lLAdMGUZpwa,4qNijbGeHqlcFWrGrATFOX,spotify:track:4qNijbGeHqlcFWrGrATFOX,334733,True,55,5myx61jwlbF2iMDVWNK0Ps,wrist whippin
8,Cheers (feat. Q-Tip),3ZotbHeyVQKxQCPDJuQ4SU,Q-Tip,artist,spotify:artist:3ZotbHeyVQKxQCPDJuQ4SU,4qNijbGeHqlcFWrGrATFOX,spotify:track:4qNijbGeHqlcFWrGrATFOX,334733,True,55,5myx61jwlbF2iMDVWNK0Ps,wrist whippin
9,FEELS,1A9o3Ljt67pFZ89YtPPL5X,Snoh Aalegra,artist,spotify:artist:1A9o3Ljt67pFZ89YtPPL5X,4hyjgR9LU4B31xK6iIr6w7,spotify:track:4hyjgR9LU4B31xK6iIr6w7,227501,False,0,5myx61jwlbF2iMDVWNK0Ps,wrist whippin
10,Worst Nites,7gP3bB2nilZXLfPHJhMdvc,Foster The People,artist,spotify:artist:7gP3bB2nilZXLfPHJhMdvc,7lVoniii4QwhNjCeHij2xZ,spotify:track:7lVoniii4QwhNjCeHij2xZ,211920,False,0,5myx61jwlbF2iMDVWNK0Ps,wrist whippin
11,king,3S4d3YRNGg2OhnNm3QvfhA,slenderbodies,artist,spotify:artist:3S4d3YRNGg2OhnNm3QvfhA,423VyysMCduMmvqDH5oGEB,spotify:track:423VyysMCduMmvqDH5oGEB,191440,False,0,5myx61jwlbF2iMDVWNK0Ps,wrist whippin
12,waves - Tame Impala Remix,360IAlyVv4PCEVjgyMZrxK,Miguel,artist,spotify:artist:360IAlyVv4PCEVjgyMZrxK,3lB0GMiI5KxDbTOG8V3bOx,spotify:track:3lB0GMiI5KxDbTOG8V3bOx,253346,False,69,5myx61jwlbF2iMDVWNK0Ps,wrist whippin
13,waves - Tame Impala Remix,5INjqkS1o8h1imAzPqGZBb,Tame Impala,artist,spotify:artist:5INjqkS1o8h1imAzPqGZBb,3lB0GMiI5KxDbTOG8V3bOx,spotify:track:3lB0GMiI5KxDbTOG8V3bOx,253346,False,69,5myx61jwlbF2iMDVWNK0Ps,wrist whippin
14,Fever,536BYVgOnRky0xjsPT96zl,Two Door Cinema Club,artist,spotify:artist:536BYVgOnRky0xjsPT96zl,2OHK6Hj0ITquxUstNPF5TM,spotify:track:2OHK6Hj0ITquxUstNPF5TM,281920,False,0,5myx61jwlbF2iMDVWNK0Ps,wrist whippin
15,Ordinary,536BYVgOnRky0xjsPT96zl,Two Door Cinema Club,artist,spotify:artist:536BYVgOnRky0xjsPT96zl,3AEJ5MpwV4WJSFhxj04ITx,spotify:track:3AEJ5MpwV4WJSFhxj04ITx,298933,False,0,5myx61jwlbF2iMDVWNK0Ps,wrist whippin
16,It's Not Living (If It's Not With You),3mIj9lX2MWuHmhNCA7LSCW,The 1975,artist,spotify:artist:3mIj9lX2MWuHmhNCA7LSCW,3TgMcrV32NUKjEG2ujn9eh,spotify:track:3TgMcrV32NUKjEG2ujn9eh,248335,False,71,5myx61jwlbF2iMDVWNK0Ps,wrist whippin
17,DJs & Porsches,4iiQabGKtS2RtTKpVkrVTw,Smallpools,artist,spotify:artist:4iiQabGKtS2RtTKpVkrVTw,7BhtNdWEvpx4n1vbqLrS93,spotify:track:7BhtNdWEvpx4n1vbqLrS93,197093,False,38,5myx61jwlbF2iMDVWNK0Ps,wrist whippin
18,Lose My Cool,0tbeZu9lv8YEKSQ9tZSslu,Amber Mark,artist,spotify:artist:0tbeZu9lv8YEKSQ9tZSslu,3G9zeErd0kMx012kmYUrm7,spotify:track:3G9zeErd0kMx012kmYUrm7,214578,False,63,5myx61jwlbF2iMDVWNK0Ps,wrist whippin
19,In Camera,4tPyCwWrsvZ8OKYl7QRavL,Yumi Zouma,artist,spotify:artist:4tPyCwWrsvZ8OKYl7QRavL,4vcyK8QHE6WsqiSnaBOtOS,spotify:track:4vcyK8QHE6WsqiSnaBOtOS,204386,False,0,5myx61jwlbF2iMDVWNK0Ps,wrist whippin
20,CHANCES,6qgnBH6iDM91ipVXv28OMu,KAYTRANADA,artist,spotify:artist:6qgnBH6iDM91ipVXv28OMu,439X8jGytErRiPnaoUJHju,spotify:track:439X8jGytErRiPnaoUJHju,218200,False,67,5myx61jwlbF2iMDVWNK0Ps,wrist whippin
21,CHANCES,3sJQwG0SsGRyv5C5kh4o9a,Shay Lia,artist,spotify:artist:3sJQwG0SsGRyv5C5kh4o9a,439X8jGytErRiPnaoUJHju,spotify:track:439X8jGytErRiPnaoUJHju,218200,False,67,5myx61jwlbF2iMDVWNK0Ps,wrist whippin
22,sunny,5iMUho98faEp2w6j5p44PH,j'san,artist,spotify:artist:5iMUho98faEp2w6j5p44PH,0cZcOtDqLaavK7LowhTBsa,spotify:track:0cZcOtDqLaavK7LowhTBsa,139130,False,60,5myx61jwlbF2iMDVWNK0Ps,wrist whippin
23,sunny,65ZGdYSRT3Rmv6P7DN4XCC,Pandrezz,artist,spotify:artist:65ZGdYSRT3Rmv6P7DN4XCC,0cZcOtDqLaavK7LowhTBsa,spotify:track:0cZcOtDqLaavK7LowhTBsa,139130,False,60,5myx61jwlbF2iMDVWNK0Ps,wrist whippin
24,Elevate,5WId4o5jdGVhptNU0uqKxu,St. Lucia,artist,spotify:artist:5WId4o5jdGVhptNU0uqKxu,5BxVRqpZi6tIhAap1ZjzVD,spotify:track:5BxVRqpZi6tIhAap1ZjzVD,308360,False,49,5myx61jwlbF2iMDVWNK0Ps,wrist whippin
25,Talk,6LuN9FCkKOj5PcnpouEgny,Khalid,artist,spotify:artist:6LuN9FCkKOj5PcnpouEgny,0rTV5WefWd1J3OwIheTzxM,spotify:track:0rTV5WefWd1J3OwIheTzxM,197487,False,74,5myx61jwlbF2iMDVWNK0Ps,wrist whippin
26,Talk,6nS5roXSAGhTGr34W6n7Et,Disclosure,artist,spotify:artist:6nS5roXSAGhTGr34W6n7Et,0rTV5WefWd1J3OwIheTzxM,spotify:track:0rTV5WefWd1J3OwIheTzxM,197487,False,74,5myx61jwlbF2iMDVWNK0Ps,wrist whippin
27,8TEEN,6LuN9FCkKOj5PcnpouEgny,Khalid,artist,spotify:artist:6LuN9FCkKOj5PcnpouEgny,5bgwqaRSS3M8WHWruHgSL5,spotify:track:5bgwqaRSS3M8WHWruHgSL5,228600,False,79,5myx61jwlbF2iMDVWNK0Ps,wrist whippin
28,Prosecco,0AepkoQhYvkjEzzwIcGxdV,Jacob Banks,artist,spotify:artist:0AepkoQhYvkjEzzwIcGxdV,1OWu2Vin6WH1gVvgO05Pw8,spotify:track:1OWu2Vin6WH1gVvgO05Pw8,208626,True,46,5myx61jwlbF2iMDVWNK0Ps,wrist whippin
29,Diddy Bop (x Louis The Child),0AepkoQhYvkjEzzwIcGxdV,Jacob Banks,artist,spotify:artist:0AepkoQhYvkjEzzwIcGxdV,2KZybiXVEQExXm2vtAcP8f,spotify:track:2KZybiXVEQExXm2vtAcP8f,219626,False,55,5myx61jwlbF2iMDVWNK0Ps,wrist whippin
30,Diddy Bop (x Louis The Child),7wg1qvie3KqDNQbAkTdbX0,Louis The Child,artist,spotify:artist:7wg1qvie3KqDNQbAkTdbX0,2KZybiXVEQExXm2vtAcP8f,spotify:track:2KZybiXVEQExXm2vtAcP8f,219626,False,55,5myx61jwlbF2iMDVWNK0Ps,wrist whippin
31,Big Sis,6vVztIuqdDHvYWxOEXCzjN,SALES,artist,spotify:artist:6vVztIuqdDHvYWxOEXCzjN,0ARp9mXXpPflIwehy25kCa,spotify:track:0ARp9mXXpPflIwehy25kCa,166400,False,58,5myx61jwlbF2iMDVWNK0Ps,wrist whippin
32,Let Go,4D42J3IJpcTm3zxzmZ7TCV,The Undercover Dream Lovers,artist,spotify:artist:4D42J3IJpcTm3zxzmZ7TCV,6hchk7cCDULpk2ag8JFjXQ,spotify:track:6hchk7cCDULpk2ag8JFjXQ,180479,False,0,5myx61jwlbF2iMDVWNK0Ps,wrist whippin
33,Fire,5Ck4KWOZsbrSQpiLimooDp,Diskopunk,artist,spotify:artist:5Ck4KWOZsbrSQpiLimooDp,5jRJlGB5EP7HFKwYBKvlSA,spotify:track:5jRJlGB5EP7HFKwYBKvlSA,197749,False,47,5myx61jwlbF2iMDVWNK0Ps,wrist whippin
34,Bohemian Trapsody,4xRYI6VqpkE3UwrDrAZL8L,Logic,artist,spotify:artist:4xRYI6VqpkE3UwrDrAZL8L,7Ii2ALuxW7NkLfQPhV4Rn2,spotify:track:7Ii2ALuxW7NkLfQPhV4Rn2,404666,True,53,5myx61jwlbF2iMDVWNK0Ps,wrist whippin
35,Turn The Light,6emHCSoB4tJxTVXakbrpPz,Karen O,artist,spotify:artist:6emHCSoB4tJxTVXakbrpPz,6vw4YLRXNvtFxA2yxVrR6H,spotify:track:6vw4YLRXNvtFxA2yxVrR6H,199320,False,51,5myx61jwlbF2iMDVWNK0Ps,wrist whippin
36,Turn The Light,2dBj3prW7gP9bCCOIQeDUf,Danger Mouse,artist,spotify:artist:2dBj3prW7gP9bCCOIQeDUf,6vw4YLRXNvtFxA2yxVrR6H,spotify:track:6vw4YLRXNvtFxA2yxVrR6H,199320,False,51,5myx61jwlbF2iMDVWNK0Ps,wrist whippin
37,Morrison,7xEFii6utZmQ61kX59HmLH,FRENSHIP,artist,spotify:artist:7xEFii6utZmQ61kX59HmLH,7FwUBR93O0aSvXltMM73e7,spotify:track:7FwUBR93O0aSvXltMM73e7,235755,False,38,5myx61jwlbF2iMDVWNK0Ps,wrist whippin
38,Outta My Head (with John Mayer),6LuN9FCkKOj5PcnpouEgny,Khalid,artist,spotify:artist:6LuN9FCkKOj5PcnpouEgny,09oZ9eXQ2fo6YDrPzJqAoP,spotify:track:09oZ9eXQ2fo6YDrPzJqAoP,177066,False,69,5myx61jwlbF2iMDVWNK0Ps,wrist whippin
39,Outta My Head (with John Mayer),0hEurMDQu99nJRq8pTxO14,John Mayer,artist,spotify:artist:0hEurMDQu99nJRq8pTxO14,09oZ9eXQ2fo6YDrPzJqAoP,spotify:track:09oZ9eXQ2fo6YDrPzJqAoP,177066,False,69,5myx61jwlbF2iMDVWNK0Ps,wrist whippin
40,Don't Lose,3EnbnmqrrvApHJs6FMvYik,Elder Island,artist,spotify:artist:3EnbnmqrrvApHJs6FMvYik,6Kk8BZZiRIClaHm0Qmkj12,spotify:track:6Kk8BZZiRIClaHm0Qmkj12,230431,False,34,5myx61jwlbF2iMDVWNK0Ps,wrist whippin
41,Reason,6LtgEnShwvrqAaKohg7skM,Hablot Brown,artist,spotify:artist:6LtgEnShwvrqAaKohg7skM,7hdM3l7whE3lTHP6WsoKZT,spotify:track:7hdM3l7whE3lTHP6WsoKZT,200000,False,46,5myx61jwlbF2iMDVWNK0Ps,wrist whippin
42,Reason,3w18CP1k8zFZb1GfRlPHyK,Maths Time Joy,artist,spotify:artist:3w18CP1k8zFZb1GfRlPHyK,7hdM3l7whE3lTHP6WsoKZT,spotify:track:7hdM3l7whE3lTHP6WsoKZT,200000,False,46,5myx61jwlbF2iMDVWNK0Ps,wrist whippin
43,Heart in Two,57MtJQ6Sc4tIxrXIhrqVJL,Generationals,artist,spotify:artist:57MtJQ6Sc4tIxrXIhrqVJL,3FDcRqc0TH5wWERAOu1O0c,spotify:track:3FDcRqc0TH5wWERAOu1O0c,197800,False,27,5myx61jwlbF2iMDVWNK0Ps,wrist whippin
44,Told You So,3M4ThdJR28z9eSMcQHAZ5G,The Fratellis,artist,spotify:artist:3M4ThdJR28z9eSMcQHAZ5G,39Mfc40ap5dWCmAAtqMAW2,spotify:track:39Mfc40ap5dWCmAAtqMAW2,242259,False,32,5myx61jwlbF2iMDVWNK0Ps,wrist whippin
45,Entity,7KGI0OwY8iAL5rI5p47YyK,Tora,artist,spotify:artist:7KGI0OwY8iAL5rI5p47YyK,6ThstWIn274ADNjJBnUbEQ,spotify:track:6ThstWIn274ADNjJBnUbEQ,274714,False,9,5myx61jwlbF2iMDVWNK0Ps,wrist whippin
46,Entity,6PwHyGcUfjwdjT9cdsaVWT,Merryn Jeann,artist,spotify:artist:6PwHyGcUfjwdjT9cdsaVWT,6ThstWIn274ADNjJBnUbEQ,spotify:track:6ThstWIn274ADNjJBnUbEQ,274714,False,9,5myx61jwlbF2iMDVWNK0Ps,wrist whippin
47,Forget Regret,3m7Ej9zfNto7JOsjKsYhEr,The RH Factor,artist,spotify:artist:3m7Ej9zfNto7JOsjKsYhEr,34iP1qPyAfLpBAcMo7TQfN,spotify:track:34iP1qPyAfLpBAcMo7TQfN,232160,False,46,5myx61jwlbF2iMDVWNK0Ps,wrist whippin
48,Forget Regret,08YadB7oKIN5eIRT7y6xLN,Stephanie McKay,artist,spotify:artist:08YadB7oKIN5eIRT7y6xLN,34iP1qPyAfLpBAcMo7TQfN,spotify:track:34iP1qPyAfLpBAcMo7TQfN,232160,False,46,5myx61jwlbF2iMDVWNK0Ps,wrist whippin
49,Keep on Calling,09kXLeOXRyfNQMXRaDO4qA,Nilüfer Yanya,artist,spotify:artist:09kXLeOXRyfNQMXRaDO4qA,4FUrVPC15KK8OcABXprp3Z,spotify:track:4FUrVPC15KK8OcABXprp3Z,230310,False,0,5myx61jwlbF2iMDVWNK0Ps,wrist whippin
50,"U Say (feat. Tyler, The Creator & Jay Prince)",5XenQ7XfcvQdfIbpLEFaKQ,GoldLink,artist,spotify:artist:5XenQ7XfcvQdfIbpLEFaKQ,0xYlNtVflZPG1pUbk4qp77,spotify:track:0xYlNtVflZPG1pUbk4qp77,200801,True,48,5myx61jwlbF2iMDVWNK0Ps,wrist whippin
51,"U Say (feat. Tyler, The Creator & Jay Prince)",4V8LLVI7PbaPR0K2TGSxFF,"Tyler, The Creator",artist,spotify:artist:4V8LLVI7PbaPR0K2TGSxFF,0xYlNtVflZPG1pUbk4qp77,spotify:track:0xYlNtVflZPG1pUbk4qp77,200801,True,48,5myx61jwlbF2iMDVWNK0Ps,wrist whippin
52,"U Say (feat. Tyler, The Creator & Jay Prince)",2TLYSzGyVYkxAgYSCqUnQj,Jay Prince,artist,spotify:artist:2TLYSzGyVYkxAgYSCqUnQj,0xYlNtVflZPG1pUbk4qp77,spotify:track:0xYlNtVflZPG1pUbk4qp77,200801,True,48,5myx61jwlbF2iMDVWNK0Ps,wrist whippin
53,Rolling into One,24icoQNJSEWNu3XvqKBR68,Jordan Rakei,artist,spotify:artist:24icoQNJSEWNu3XvqKBR68,6rDunNC3OsxLUkxK1aEjnL,spotify:track:6rDunNC3OsxLUkxK1aEjnL,259196,False,0,5myx61jwlbF2iMDVWNK0Ps,wrist whippin
54,Hurry,4ULO7IGI3M2bo0Ap7B9h8a,Teyana Taylor,artist,spotify:artist:4ULO7IGI3M2bo0Ap7B9h8a,6NqbN00vLmWfrQSx2wjD4z,spotify:track:6NqbN00vLmWfrQSx2wjD4z,174200,True,51,5myx61jwlbF2iMDVWNK0Ps,wrist whippin
55,Hurry,5K4W6rqBFWDnAN6FQUkS6x,Kanye West,artist,spotify:artist:5K4W6rqBFWDnAN6FQUkS6x,6NqbN00vLmWfrQSx2wjD4z,spotify:track:6NqbN00vLmWfrQSx2wjD4z,174200,True,51,5myx61jwlbF2iMDVWNK0Ps,wrist whippin
56,religion (u can lay your hands on me),1qpR5mURxk3d8f6mww6uKT,Shura,artist,spotify:artist:1qpR5mURxk3d8f6mww6uKT,7rl1Frsgk11OLb193JtLra,spotify:track:7rl1Frsgk11OLb193JtLra,247346,False,0,5myx61jwlbF2iMDVWNK0Ps,wrist whippin
57,Untitled,4eArh1v6UwBbKkjdgHCned,Kate Bollinger,artist,spotify:artist:4eArh1v6UwBbKkjdgHCned,2IoEP9SKwBpm4DL89MKTDZ,spotify:track:2IoEP9SKwBpm4DL89MKTDZ,179500,False,0,5myx61jwlbF2iMDVWNK0Ps,wrist whippin
58,Piledriver Waltz,7Ln80lUS6He07XvHI8qqHH,Arctic Monkeys,artist,spotify:artist:7Ln80lUS6He07XvHI8qqHH,4Ai0ANRDYwx6mCD4Uty1WS,spotify:track:4Ai0ANRDYwx6mCD4Uty1WS,203880,False,59,5myx61jwlbF2iMDVWNK0Ps,wrist whippin
59,Through Enough (feat. GoldLink),0Ek89uaJyo6NfWK22awFvI,VanJess,artist,spotify:artist:0Ek89uaJyo6NfWK22awFvI,4KaiIuQH1EH65zWQgyWWaQ,spotify:track:4KaiIuQH1EH65zWQgyWWaQ,268773,True,43,5myx61jwlbF2iMDVWNK0Ps,wrist whippin
60,Through Enough (feat. GoldLink),5XenQ7XfcvQdfIbpLEFaKQ,GoldLink,artist,spotify:artist:5XenQ7XfcvQdfIbpLEFaKQ,4KaiIuQH1EH65zWQgyWWaQ,spotify:track:4KaiIuQH1EH65zWQgyWWaQ,268773,True,43,5myx61jwlbF2iMDVWNK0Ps,wrist whippin
61,Kickback,5FxD8fkQZ6KcsSYupDVoSO,Omar Apollo,artist,spotify:artist:5FxD8fkQZ6KcsSYupDVoSO,5MZQIjtghyFc4sMVUzD7MD,spotify:track:5MZQIjtghyFc4sMVUzD7MD,171106,False,53,5myx61jwlbF2iMDVWNK0Ps,wrist whippin
62,Reckless,6TvjXbopXg71XRM9OZWqUc,Arin Ray,artist,spotify:artist:6TvjXbopXg71XRM9OZWqUc,1BybndP1YgPEIk6WUnL6kT,spotify:track:1BybndP1YgPEIk6WUnL6kT,233265,True,59,5myx61jwlbF2iMDVWNK0Ps,wrist whippin
63,Wildin',0WjtdWS6su0f3jrW9aqEHl,Berhana,artist,spotify:artist:0WjtdWS6su0f3jrW9aqEHl,4LGg2NY9eHp0jF3L1WbCNl,spotify:track:4LGg2NY9eHp0jF3L1WbCNl,139613,True,53,5myx61jwlbF2iMDVWNK0Ps,wrist whippin
64,I Wish I Missed My Ex,16rCzZOMQX7P8Kmn5YKexI,Mahalia,artist,spotify:artist:16rCzZOMQX7P8Kmn5YKexI,4jwP0pxx7su04FYc6J12EQ,spotify:track:4jwP0pxx7su04FYc6J12EQ,205263,False,58,5myx61jwlbF2iMDVWNK0Ps,wrist whippin
65,Sincerity Is Scary,3mIj9lX2MWuHmhNCA7LSCW,The 1975,artist,spotify:artist:3mIj9lX2MWuHmhNCA7LSCW,6HguG9HRb1Ke1bhihfE4m8,spotify:track:6HguG9HRb1Ke1bhihfE4m8,225955,False,65,5myx61jwlbF2iMDVWNK0Ps,wrist whippin
66,Castaway,3kHVioJpVxlazAAKQ64pC1,Yuna,artist,spotify:artist:3kHVioJpVxlazAAKQ64pC1,19zPT36WogsfBd8HIaUnt4,spotify:track:19zPT36WogsfBd8HIaUnt4,269893,True,53,5myx61jwlbF2iMDVWNK0Ps,wrist whippin
67,Castaway,4V8LLVI7PbaPR0K2TGSxFF,"Tyler, The Creator",artist,spotify:artist:4V8LLVI7PbaPR0K2TGSxFF,19zPT36WogsfBd8HIaUnt4,spotify:track:19zPT36WogsfBd8HIaUnt4,269893,True,53,5myx61jwlbF2iMDVWNK0Ps,wrist whippin
68,Uno Dos (feat. Jaden Smith),0jsnWH4QCKcAMpR7vEhh9u,¿Téo?,artist,spotify:artist:0jsnWH4QCKcAMpR7vEhh9u,6gigGFhKguOzObNC5QZbeW,spotify:track:6gigGFhKguOzObNC5QZbeW,169639,False,0,5myx61jwlbF2iMDVWNK0Ps,wrist whippin
69,Uno Dos (feat. Jaden Smith),0xOeVMOz2fVg5BJY3N6akT,Jaden,artist,spotify:artist:0xOeVMOz2fVg5BJY3N6akT,6gigGFhKguOzObNC5QZbeW,spotify:track:6gigGFhKguOzObNC5QZbeW,169639,False,0,5myx61jwlbF2iMDVWNK0Ps,wrist whippin
70,Nerve For The Ages,19h4y2F9duQ776bv1YhQYt,Yves Jarvis,artist,spotify:artist:19h4y2F9duQ776bv1YhQYt,2fzK1mbS6V9UXQQ8reSjXH,spotify:track:2fzK1mbS6V9UXQQ8reSjXH,112977,False,34,5myx61jwlbF2iMDVWNK0Ps,wrist whippin
71,The Florist,09kXLeOXRyfNQMXRaDO4qA,Nilüfer Yanya,artist,spotify:artist:09kXLeOXRyfNQMXRaDO4qA,19y7Eh2ORRo6spiEcr4aTU,spotify:track:19y7Eh2ORRo6spiEcr4aTU,201833,False,0,5myx61jwlbF2iMDVWNK0Ps,wrist whippin
72,Michigan,1pHO6SCEw9tuRx0IVMFL0g,Barrie,artist,spotify:artist:1pHO6SCEw9tuRx0IVMFL0g,3UBkhPyI6UfmH86bxxPLcb,spotify:track:3UBkhPyI6UfmH86bxxPLcb,215000,False,35,5myx61jwlbF2iMDVWNK0Ps,wrist whippin
73,Here,2wUjUUtkb5lvLKcGKsKqsR,Alessia Cara,artist,spotify:artist:2wUjUUtkb5lvLKcGKsKqsR,1wYZZtamWTQAoj8B812uKQ,spotify:track:1wYZZtamWTQAoj8B812uKQ,199453,False,67,5myx61jwlbF2iMDVWNK0Ps,wrist whippin
74,Why Don’t You Come On (ft. Khalid and Empress Of),0orEyXhG0KnPEDVgpctNJI,DJDS,artist,spotify:artist:0orEyXhG0KnPEDVgpctNJI,7zgoHkxLgchJwPdhbJhQ3K,spotify:track:7zgoHkxLgchJwPdhbJhQ3K,199980,False,43,5myx61jwlbF2iMDVWNK0Ps,wrist whippin
75,Why Don’t You Come On (ft. Khalid and Empress Of),6LuN9FCkKOj5PcnpouEgny,Khalid,artist,spotify:artist:6LuN9FCkKOj5PcnpouEgny,7zgoHkxLgchJwPdhbJhQ3K,spotify:track:7zgoHkxLgchJwPdhbJhQ3K,199980,False,43,5myx61jwlbF2iMDVWNK0Ps,wrist whippin
76,Why Don’t You Come On (ft. Khalid and Empress Of),5QuBVnBPEzwYvFrgBbwpmU,Empress Of,artist,spotify:artist:5QuBVnBPEzwYvFrgBbwpmU,7zgoHkxLgchJwPdhbJhQ3K,spotify:track:7zgoHkxLgchJwPdhbJhQ3K,199980,False,43,5myx61jwlbF2iMDVWNK0Ps,wrist whippin
77,Bambi,1btWGBz4Uu1HozTwb2Lm8A,Hippo Campus,artist,spotify:artist:1btWGBz4Uu1HozTwb2Lm8A,5dmPNuHmRRJuHmJTDa7NuJ,spotify:track:5dmPNuHmRRJuHmJTDa7NuJ,194400,True,64,5myx61jwlbF2iMDVWNK0Ps,wrist whippin
78,Way to be Loved,2SdK1QDmZIP2hk94rSaLl9,TOPS,artist,spotify:artist:2SdK1QDmZIP2hk94rSaLl9,5FjC0o2EGdlAMdc3hfeTMd,spotify:track:5FjC0o2EGdlAMdc3hfeTMd,263396,False,56,5myx61jwlbF2iMDVWNK0Ps,wrist whippin
79,Habits,1pHO6SCEw9tuRx0IVMFL0g,Barrie,artist,spotify:artist:1pHO6SCEw9tuRx0IVMFL0g,1qAcX4wZpol2I0QtDSck3L,spotify:track:1qAcX4wZpol2I0QtDSck3L,217640,False,28,5myx61jwlbF2iMDVWNK0Ps,wrist whippin
80,"BIGBRIGHT (feat. Elkkle, E^ST & Duckwrth)",6bJCrLZcvsBMzve04BmgwS,Golden Vessel,artist,spotify:artist:6bJCrLZcvsBMzve04BmgwS,4gErEUBzsNChBuqk9jgycY,spotify:track:4gErEUBzsNChBuqk9jgycY,247385,False,0,5myx61jwlbF2iMDVWNK0Ps,wrist whippin
81,"BIGBRIGHT (feat. Elkkle, E^ST & Duckwrth)",5O3OUnaadL3aEVi5x6ImOl,Elkkle,artist,spotify:artist:5O3OUnaadL3aEVi5x6ImOl,4gErEUBzsNChBuqk9jgycY,spotify:track:4gErEUBzsNChBuqk9jgycY,247385,False,0,5myx61jwlbF2iMDVWNK0Ps,wrist whippin
82,"BIGBRIGHT (feat. Elkkle, E^ST & Duckwrth)",7ASucWaI33cepJbo74Hlo0,E^ST,artist,spotify:artist:7ASucWaI33cepJbo74Hlo0,4gErEUBzsNChBuqk9jgycY,spotify:track:4gErEUBzsNChBuqk9jgycY,247385,False,0,5myx61jwlbF2iMDVWNK0Ps,wrist whippin
83,"BIGBRIGHT (feat. Elkkle, E^ST & Duckwrth)",6I3MElirhT5t6Kf7p0hGk9,Duckwrth,artist,spotify:artist:6I3MElirhT5t6Kf7p0hGk9,4gErEUBzsNChBuqk9jgycY,spotify:track:4gErEUBzsNChBuqk9jgycY,247385,False,0,5myx61jwlbF2iMDVWNK0Ps,wrist whippin
84,In Degrees,6FQqZYVfTNQ1pCqfkwVFEa,Foals,artist,spotify:artist:6FQqZYVfTNQ1pCqfkwVFEa,2muJzxNCRL7M2QeCmjPubU,spotify:track:2muJzxNCRL7M2QeCmjPubU,297632,False,55,5myx61jwlbF2iMDVWNK0Ps,wrist whippin
85,Opportunistic,1btWGBz4Uu1HozTwb2Lm8A,Hippo Campus,artist,spotify:artist:1btWGBz4Uu1HozTwb2Lm8A,79LfU5ufUmiLvLURU23Yyf,spotify:track:79LfU5ufUmiLvLURU23Yyf,139822,False,37,5myx61jwlbF2iMDVWNK0Ps,wrist whippin
86,Temper Temper,6yrtCy4XJHXM6tczo4RlTs,Lime Cordiale,artist,spotify:artist:6yrtCy4XJHXM6tczo4RlTs,3DCU0R5FFaB9GKxZERb5wr,spotify:track:3DCU0R5FFaB9GKxZERb5wr,208980,False,61,5myx61jwlbF2iMDVWNK0Ps,wrist whippin
87,Feel Alright,6IVta6osiP9HifjCLIw4cv,Zanski,artist,spotify:artist:6IVta6osiP9HifjCLIw4cv,1w4zsr8vQDFkVDOX22hEOF,spotify:track:1w4zsr8vQDFkVDOX22hEOF,253953,False,12,5myx61jwlbF2iMDVWNK0Ps,wrist whippin
88,Sad,6sFHvCyqklnJpXC9Nh1aag,Alexander 23,artist,spotify:artist:6sFHvCyqklnJpXC9Nh1aag,5Ybp65SomeSJEj8xmUARdA,spotify:track:5Ybp65SomeSJEj8xmUARdA,163066,False,0,5myx61jwlbF2iMDVWNK0Ps,wrist whippin
89,Martini Blue,0siBQaURCli5wn2lqv8WZg,DPR LIVE,artist,spotify:artist:0siBQaURCli5wn2lqv8WZg,7zDu3l7DDlfSlt20YMKkWo,spotify:track:7zDu3l7DDlfSlt20YMKkWo,195204,False,58,5myx61jwlbF2iMDVWNK0Ps,wrist whippin
90,Softly,3l0CmX0FuQjFxr8SK7Vqag,Clairo,artist,spotify:artist:3l0CmX0FuQjFxr8SK7Vqag,4PvbbMYL4fkToni5BLaYRb,spotify:track:4PvbbMYL4fkToni5BLaYRb,185306,False,70,5myx61jwlbF2iMDVWNK0Ps,wrist whippin
91,Hit Me Up,5FxD8fkQZ6KcsSYupDVoSO,Omar Apollo,artist,spotify:artist:5FxD8fkQZ6KcsSYupDVoSO,0Lhy1sDDdtUFY2pyq2ZVi9,spotify:track:0Lhy1sDDdtUFY2pyq2ZVi9,160000,True,64,5myx61jwlbF2iMDVWNK0Ps,wrist whippin
92,Hit Me Up,6USv9qhCn6zfxlBQIYJ9qs,Dominic Fike,artist,spotify:artist:6USv9qhCn6zfxlBQIYJ9qs,0Lhy1sDDdtUFY2pyq2ZVi9,spotify:track:0Lhy1sDDdtUFY2pyq2ZVi9,160000,True,64,5myx61jwlbF2iMDVWNK0Ps,wrist whippin
93,Hit Me Up,1rHOtdmGNr5vcYNw5v7QGC,Kenny Beats,artist,spotify:artist:1rHOtdmGNr5vcYNw5v7QGC,0Lhy1sDDdtUFY2pyq2ZVi9,spotify:track:0Lhy1sDDdtUFY2pyq2ZVi9,160000,True,64,5myx61jwlbF2iMDVWNK0Ps,wrist whippin
94,Beauty & Essex (feat. Daniel Caesar & Unknown Mortal Orchestra),4596e2d3KmYzAeVenjCxfj,Free Nationals,artist,spotify:artist:4596e2d3KmYzAeVenjCxfj,4ej94zqr9xYLbWphCH3TcD,spotify:track:4ej94zqr9xYLbWphCH3TcD,277046,True,52,5myx61jwlbF2iMDVWNK0Ps,wrist whippin
95,Beauty & Essex (feat. Daniel Caesar & Unknown Mortal Orchestra),20wkVLutqVOYrc0kxFs7rA,Daniel Caesar,artist,spotify:artist:20wkVLutqVOYrc0kxFs7rA,4ej94zqr9xYLbWphCH3TcD,spotify:track:4ej94zqr9xYLbWphCH3TcD,277046,True,52,5myx61jwlbF2iMDVWNK0Ps,wrist whippin
96,Beauty & Essex (feat. Daniel Caesar & Unknown Mortal Orchestra),1LeVJ5GPeYDOVUjxx1y7Rp,Unknown Mortal Orchestra,artist,spotify:artist:1LeVJ5GPeYDOVUjxx1y7Rp,4ej94zqr9xYLbWphCH3TcD,spotify:track:4ej94zqr9xYLbWphCH3TcD,277046,True,52,5myx61jwlbF2iMDVWNK0Ps,wrist whippin
97,Shibuya,4596e2d3KmYzAeVenjCxfj,Free Nationals,artist,spotify:artist:4596e2d3KmYzAeVenjCxfj,5G7602PyF33hYDi4utEpoZ,spotify:track:5G7602PyF33hYDi4utEpoZ,144515,False,51,5myx61jwlbF2iMDVWNK0Ps,wrist whippin
98,Shibuya,3jk39CGeaaSO3FPKNx1RUx,Syd,artist,spotify:artist:3jk39CGeaaSO3FPKNx1RUx,5G7602PyF33hYDi4utEpoZ,spotify:track:5G7602PyF33hYDi4utEpoZ,144515,False,51,5myx61jwlbF2iMDVWNK0Ps,wrist whippin
99,Something About Us (instrumental),2fG76qj8LhS6jhyZuqaUkm,Kaminsky,artist,spotify:artist:2fG76qj8LhS6jhyZuqaUkm,3AqXknt2P2FDcgasp4VVNI,spotify:track:3AqXknt2P2FDcgasp4VVNI,261381,False,40,5myx61jwlbF2iMDVWNK0Ps,wrist whippin
100,Paint California,5Lhxlge1CR1DrgDAje8Qaw,NoMBe,artist,spotify:artist:5Lhxlge1CR1DrgDAje8Qaw,2ZlgqiomIrjvkuWFDSVOLY,spotify:track:2ZlgqiomIrjvkuWFDSVOLY,207133,False,57,5myx61jwlbF2iMDVWNK0Ps,wrist whippin
101,Downtown Love,55Z3Xi6ID6z799AyGHjr6u,Calvin Priice,artist,spotify:artist:55Z3Xi6ID6z799AyGHjr6u,5cnD97Kg28dJGGdBv72sDl,spotify:track:5cnD97Kg28dJGGdBv72sDl,196082,True,34,5myx61jwlbF2iMDVWNK0Ps,wrist whippin
102,Baltisoul,1ew9xfiJEQ4Suu9JaqQn05,Ks French,artist,spotify:artist:1ew9xfiJEQ4Suu9JaqQn05,3VStQ5giIkRU9Rjh31TGH8,spotify:track:3VStQ5giIkRU9Rjh31TGH8,246368,False,41,5myx61jwlbF2iMDVWNK0Ps,wrist whippin
103,Never Enough - CASSARA Remix,5Gn7NoCZvbVlGgtZMILRcv,Satin Jackets,artist,spotify:artist:5Gn7NoCZvbVlGgtZMILRcv,5FLjLgqVsITzgEV9KNncTr,spotify:track:5FLjLgqVsITzgEV9KNncTr,447261,False,47,5myx61jwlbF2iMDVWNK0Ps,wrist whippin
104,Never Enough - CASSARA Remix,1hitzNXBW8lZ7ZRfIVMrYq,Niya Wells,artist,spotify:artist:1hitzNXBW8lZ7ZRfIVMrYq,5FLjLgqVsITzgEV9KNncTr,spotify:track:5FLjLgqVsITzgEV9KNncTr,447261,False,47,5myx61jwlbF2iMDVWNK0Ps,wrist whippin
105,Never Enough - CASSARA Remix,7d3407kIJjwLd6N4aV4VLi,Cassara,artist,spotify:artist:7d3407kIJjwLd6N4aV4VLi,5FLjLgqVsITzgEV9KNncTr,spotify:track:5FLjLgqVsITzgEV9KNncTr,447261,False,47,5myx61jwlbF2iMDVWNK0Ps,wrist whippin
106,Honest,5CwnPLe14OgA87UgZhzDBc,Koji.,artist,spotify:artist:5CwnPLe14OgA87UgZhzDBc,2HytB9M0U9L8fmrDFvDgXD,spotify:track:2HytB9M0U9L8fmrDFvDgXD,194157,False,44,5myx61jwlbF2iMDVWNK0Ps,wrist whippin
107,Honest,1crlEwxm5dcQjCcgCJEyqg,Abhi//Dijon,artist,spotify:artist:1crlEwxm5dcQjCcgCJEyqg,2HytB9M0U9L8fmrDFvDgXD,spotify:track:2HytB9M0U9L8fmrDFvDgXD,194157,False,44,5myx61jwlbF2iMDVWNK0Ps,wrist whippin
108,Move on Up,1mYvu9huHeR7ho3iGAgCsn,The Dynamics,artist,spotify:artist:1mYvu9huHeR7ho3iGAgCsn,2WaesAINqa4dKnLVu8JQKS,spotify:track:2WaesAINqa4dKnLVu8JQKS,292571,False,51,5myx61jwlbF2iMDVWNK0Ps,wrist whippin
109,Get To Know (feat. Winston Surfshirt),4VivsO1n4n2Mi2Btyb5gfL,Cosmo's Midnight,artist,spotify:artist:4VivsO1n4n2Mi2Btyb5gfL,1LvASuCm9gPr9684FFNKdt,spotify:track:1LvASuCm9gPr9684FFNKdt,243599,False,56,5myx61jwlbF2iMDVWNK0Ps,wrist whippin
110,Get To Know (feat. Winston Surfshirt),61HS7DjYDQIkKSeGvpqmJh,Winston Surfshirt,artist,spotify:artist:61HS7DjYDQIkKSeGvpqmJh,1LvASuCm9gPr9684FFNKdt,spotify:track:1LvASuCm9gPr9684FFNKdt,243599,False,56,5myx61jwlbF2iMDVWNK0Ps,wrist whippin
111,Soaked,0Cp8WN4V8Tu4QJQwCN5Md4,BENEE,artist,spotify:artist:0Cp8WN4V8Tu4QJQwCN5Md4,5p80uI2FhYGQZJRfzy7mb6,spotify:track:5p80uI2FhYGQZJRfzy7mb6,240986,False,0,5myx61jwlbF2iMDVWNK0Ps,wrist whippin
112,On Your Way Down,6wFwvxJkurQPU2UdeD4qVt,The Jungle Giants,artist,spotify:artist:6wFwvxJkurQPU2UdeD4qVt,6ECcJlfjh2F1LJxe74qKnJ,spotify:track:6ECcJlfjh2F1LJxe74qKnJ,225000,False,58,5myx61jwlbF2iMDVWNK0Ps,wrist whippin
113,The Way That You Move,2aUr9B6iwO3eYiEHJIpB0M,Kwaku Asante,artist,spotify:artist:2aUr9B6iwO3eYiEHJIpB0M,1z0qfVExBs3b3dctr4ZlCD,spotify:track:1z0qfVExBs3b3dctr4ZlCD,220943,False,0,5myx61jwlbF2iMDVWNK0Ps,wrist whippin
114,Yummy,1uNFoZAHBGtllmzznpCI3s,Justin Bieber,artist,spotify:artist:1uNFoZAHBGtllmzznpCI3s,41L3O37CECZt3N7ziG2z7l,spotify:track:41L3O37CECZt3N7ziG2z7l,210426,False,76,5myx61jwlbF2iMDVWNK0Ps,wrist whippin
115,Tiny Little Boy,6UdKtISMXYKSR8jcgtFePo,Rad Museum,artist,spotify:artist:6UdKtISMXYKSR8jcgtFePo,63oTx2gvxdNv9qGYQCA005,spotify:track:63oTx2gvxdNv9qGYQCA005,191000,False,47,5myx61jwlbF2iMDVWNK0Ps,wrist whippin
116,Tiny Little Boy,3eCd0TZrBPm2n9cDG6yWfF,DEAN,artist,spotify:artist:3eCd0TZrBPm2n9cDG6yWfF,63oTx2gvxdNv9qGYQCA005,spotify:track:63oTx2gvxdNv9qGYQCA005,191000,False,47,5myx61jwlbF2iMDVWNK0Ps,wrist whippin
117,Sao Paulo Sunset,6N4HlHINMvoTyAL0yhBUCk,Saib,artist,spotify:artist:6N4HlHINMvoTyAL0yhBUCk,0vTJP35J4M1PY9iAA8UmbV,spotify:track:0vTJP35J4M1PY9iAA8UmbV,207401,False,55,5myx61jwlbF2iMDVWNK0Ps,wrist whippin
118,Ring,0C8ZW7ezQVs4URX5aX7Kqx,Selena Gomez,artist,spotify:artist:0C8ZW7ezQVs4URX5aX7Kqx,11Ey4yJVeWEsA73KjACkVY,spotify:track:11Ey4yJVeWEsA73KjACkVY,148776,False,58,5myx61jwlbF2iMDVWNK0Ps,wrist whippin
119,Just A While,7yuLFZmY5CuPf81al33Ot2,Sturla Atlas,artist,spotify:artist:7yuLFZmY5CuPf81al33Ot2,6GVWKfRIG6KkZ6DFCTYGva,spotify:track:6GVWKfRIG6KkZ6DFCTYGva,192333,False,21,5myx61jwlbF2iMDVWNK0Ps,wrist whippin
120,Just A While,21SqAOtuXFpwygK1GNxjTm,Auður,artist,spotify:artist:21SqAOtuXFpwygK1GNxjTm,6GVWKfRIG6KkZ6DFCTYGva,spotify:track:6GVWKfRIG6KkZ6DFCTYGva,192333,False,21,5myx61jwlbF2iMDVWNK0Ps,wrist whippin
121,Can't Help the Way,776HGV4QHksTaUaawD9DnE,Foley,artist,spotify:artist:776HGV4QHksTaUaawD9DnE,6CUugPwgI9yd0iPdMFkClA,spotify:track:6CUugPwgI9yd0iPdMFkClA,189857,False,3,5myx61jwlbF2iMDVWNK0Ps,wrist whippin
122,Monte Claire,15GgEOJiFyjQm4tZ4D7qih,Cruel Santino,artist,spotify:artist:15GgEOJiFyjQm4tZ4D7qih,357A38eIc5S73mWDD9oei1,spotify:track:357A38eIc5S73mWDD9oei1,166153,True,32,5myx61jwlbF2iMDVWNK0Ps,wrist whippin
123,Little Girl,17cTF8IhnRgPTFruvNlrIS,SASO,artist,spotify:artist:17cTF8IhnRgPTFruvNlrIS,7jhItbz47nxN7tAaiXf2R8,spotify:track:7jhItbz47nxN7tAaiXf2R8,174315,False,5,5myx61jwlbF2iMDVWNK0Ps,wrist whippin
124,Goodnightmare,43nxlJkq1IwAYVZtTWo5kv,Fake Fake,artist,spotify:artist:43nxlJkq1IwAYVZtTWo5kv,4tUV3qVS1tIT5K2vbwo7Kh,spotify:track:4tUV3qVS1tIT5K2vbwo7Kh,209361,False,23,5myx61jwlbF2iMDVWNK0Ps,wrist whippin
125,Dicaprio On Acid,4wiTMr3PA4rslJzqx4QO5f,neumodel,artist,spotify:artist:4wiTMr3PA4rslJzqx4QO5f,4HKl7nxuuky1ICnldu6Jvz,spotify:track:4HKl7nxuuky1ICnldu6Jvz,194546,False,0,5myx61jwlbF2iMDVWNK0Ps,wrist whippin
126,Dicaprio On Acid,0YftE2ynFdKgdXdmNofUSg,Sirius Trema,artist,spotify:artist:0YftE2ynFdKgdXdmNofUSg,4HKl7nxuuky1ICnldu6Jvz,spotify:track:4HKl7nxuuky1ICnldu6Jvz,194546,False,0,5myx61jwlbF2iMDVWNK0Ps,wrist whippin
127,You and I,4aEnNH9PuU1HF3TsZTru54,Caribou,artist,spotify:artist:4aEnNH9PuU1HF3TsZTru54,4lZlquzJF4AfND0nU5kcmj,spotify:track:4lZlquzJF4AfND0nU5kcmj,243946,False,0,5myx61jwlbF2iMDVWNK0Ps,wrist whippin
128,Prime of Your Life,4AHuSBzDte0ospEtW9rL18,Saint DX,artist,spotify:artist:4AHuSBzDte0ospEtW9rL18,02fMscVZ46N4l46yHZQkqT,spotify:track:02fMscVZ46N4l46yHZQkqT,216546,False,35,5myx61jwlbF2iMDVWNK0Ps,wrist whippin
129,Think,536BYVgOnRky0xjsPT96zl,Two Door Cinema Club,artist,spotify:artist:536BYVgOnRky0xjsPT96zl,5TocQE0LESbiqk6sd3Y5Hm,spotify:track:5TocQE0LESbiqk6sd3Y5Hm,231927,False,33,5myx61jwlbF2iMDVWNK0Ps,wrist whippin
130,All Yours,16oEz0ihXl8elwxOS0YMNF,APRE,artist,spotify:artist:16oEz0ihXl8elwxOS0YMNF,76S0dx36oCAMgqfXlVUQeZ,spotify:track:76S0dx36oCAMgqfXlVUQeZ,173586,False,51,5myx61jwlbF2iMDVWNK0Ps,wrist whippin
131,DaNcing in a RoOm,6JINIoM2HUR5ZNTJwoR9eC,EZI,artist,spotify:artist:6JINIoM2HUR5ZNTJwoR9eC,2zTjF6OGxklU5Ulv7iTf4R,spotify:track:2zTjF6OGxklU5Ulv7iTf4R,208605,False,0,5myx61jwlbF2iMDVWNK0Ps,wrist whippin
132,Enginn eins og þú,21SqAOtuXFpwygK1GNxjTm,Auður,artist,spotify:artist:21SqAOtuXFpwygK1GNxjTm,3bzP8lZJWmuhpdnfDP1rTq,spotify:track:3bzP8lZJWmuhpdnfDP1rTq,181226,False,40,5myx61jwlbF2iMDVWNK0Ps,wrist whippin
133,Feeling Good,1GxkXlMwML1oSg5eLPiAz3,Michael Bublé,artist,spotify:artist:1GxkXlMwML1oSg5eLPiAz3,72PwtNhRrZXNnYeRg5xQ46,spotify:track:72PwtNhRrZXNnYeRg5xQ46,237333,False,40,5myx61jwlbF2iMDVWNK0Ps,wrist whippin
134,We Don't Need To Dance,4EDL1aHoT46jRLUjubeVNM,Castelle,artist,spotify:artist:4EDL1aHoT46jRLUjubeVNM,76c9yn9NDJDYswNcJIBT7c,spotify:track:76c9yn9NDJDYswNcJIBT7c,159094,False,34,5myx61jwlbF2iMDVWNK0Ps,wrist whippin
135,We Don't Need To Dance,1NrFTpkB0RvbVLYl0p5Xvc,Nic Hanson,artist,spotify:artist:1NrFTpkB0RvbVLYl0p5Xvc,76c9yn9NDJDYswNcJIBT7c,spotify:track:76c9yn9NDJDYswNcJIBT7c,159094,False,34,5myx61jwlbF2iMDVWNK0Ps,wrist whippin
136,Fight Night,6oMuImdp5ZcFhWP0ESe6mG,Migos,artist,spotify:artist:6oMuImdp5ZcFhWP0ESe6mG,2n5gVJ9fzeX2SSWlLQuyS9,spotify:track:2n5gVJ9fzeX2SSWlLQuyS9,216247,True,68,1Vu8EHOlNPBFVBxmKtGHlr,brrrat brrrat
137,Pipe It Up,6oMuImdp5ZcFhWP0ESe6mG,Migos,artist,spotify:artist:6oMuImdp5ZcFhWP0ESe6mG,6eBrlbv2HMYcldwjoMWIrC,spotify:track:6eBrlbv2HMYcldwjoMWIrC,206266,True,53,1Vu8EHOlNPBFVBxmKtGHlr,brrrat brrrat
138,"Floyd Mayweather (feat. Travis Scott, Gucci Mane and Gunna)",50co4Is1HCEo8bhOyUWKpn,Young Thug,artist,spotify:artist:50co4Is1HCEo8bhOyUWKpn,5ALc7rbru6QOLGodVSDocc,spotify:track:5ALc7rbru6QOLGodVSDocc,358506,True,57,1Vu8EHOlNPBFVBxmKtGHlr,brrrat brrrat
139,"Floyd Mayweather (feat. Travis Scott, Gucci Mane and Gunna)",0Y5tJX1MQlPlqiwlOH1tJY,Travis Scott,artist,spotify:artist:0Y5tJX1MQlPlqiwlOH1tJY,5ALc7rbru6QOLGodVSDocc,spotify:track:5ALc7rbru6QOLGodVSDocc,358506,True,57,1Vu8EHOlNPBFVBxmKtGHlr,brrrat brrrat
140,"Floyd Mayweather (feat. Travis Scott, Gucci Mane and Gunna)",13y7CgLHjMVRMDqxdx0Xdo,Gucci Mane,artist,spotify:artist:13y7CgLHjMVRMDqxdx0Xdo,5ALc7rbru6QOLGodVSDocc,spotify:track:5ALc7rbru6QOLGodVSDocc,358506,True,57,1Vu8EHOlNPBFVBxmKtGHlr,brrrat brrrat
141,"Floyd Mayweather (feat. Travis Scott, Gucci Mane and Gunna)",2hlmm7s2ICUX0LVIhVFlZQ,Gunna,artist,spotify:artist:2hlmm7s2ICUX0LVIhVFlZQ,5ALc7rbru6QOLGodVSDocc,spotify:track:5ALc7rbru6QOLGodVSDocc,358506,True,57,1Vu8EHOlNPBFVBxmKtGHlr,brrrat brrrat
142,With Them,50co4Is1HCEo8bhOyUWKpn,Young Thug,artist,spotify:artist:50co4Is1HCEo8bhOyUWKpn,0tISnxqgVmxqhVghsTi2Rr,spotify:track:0tISnxqgVmxqhVghsTi2Rr,197746,True,58,1Vu8EHOlNPBFVBxmKtGHlr,brrrat brrrat
143,With Them,50co4Is1HCEo8bhOyUWKpn,Young Thug,artist,spotify:artist:50co4Is1HCEo8bhOyUWKpn,0tISnxqgVmxqhVghsTi2Rr,spotify:track:0tISnxqgVmxqhVghsTi2Rr,197746,True,58,1V9wButKEb5GJDshdKUGeN,werk
144,With Them,50co4Is1HCEo8bhOyUWKpn,Young Thug,artist,spotify:artist:50co4Is1HCEo8bhOyUWKpn,0tISnxqgVmxqhVghsTi2Rr,spotify:track:0tISnxqgVmxqhVghsTi2Rr,197746,True,58,1Vu8EHOlNPBFVBxmKtGHlr,brrrat brrrat
145,With Them,50co4Is1HCEo8bhOyUWKpn,Young Thug,artist,spotify:artist:50co4Is1HCEo8bhOyUWKpn,0tISnxqgVmxqhVghsTi2Rr,spotify:track:0tISnxqgVmxqhVghsTi2Rr,197746,True,58,1V9wButKEb5GJDshdKUGeN,werk
146,F Cancer (Boosie) [feat. Quavo],50co4Is1HCEo8bhOyUWKpn,Young Thug,artist,spotify:artist:50co4Is1HCEo8bhOyUWKpn,1qPK58q90l8KNoWyXsLI2Y,spotify:track:1qPK58q90l8KNoWyXsLI2Y,249639,True,49,1Vu8EHOlNPBFVBxmKtGHlr,brrrat brrrat
147,F Cancer (Boosie) [feat. Quavo],0VRj0yCOv2FXJNP47XQnx5,Quavo,artist,spotify:artist:0VRj0yCOv2FXJNP47XQnx5,1qPK58q90l8KNoWyXsLI2Y,spotify:track:1qPK58q90l8KNoWyXsLI2Y,249639,True,49,1Vu8EHOlNPBFVBxmKtGHlr,brrrat brrrat
148,Champions,5K4W6rqBFWDnAN6FQUkS6x,Kanye West,artist,spotify:artist:5K4W6rqBFWDnAN6FQUkS6x,2nBI3iWLhupR7LyAJ5GGkE,spotify:track:2nBI3iWLhupR7LyAJ5GGkE,334253,True,68,1Vu8EHOlNPBFVBxmKtGHlr,brrrat brrrat
149,Champions,13y7CgLHjMVRMDqxdx0Xdo,Gucci Mane,artist,spotify:artist:13y7CgLHjMVRMDqxdx0Xdo,2nBI3iWLhupR7LyAJ5GGkE,spotify:track:2nBI3iWLhupR7LyAJ5GGkE,334253,True,68,1Vu8EHOlNPBFVBxmKtGHlr,brrrat brrrat
150,Champions,0c173mlxpT3dSFRgMO8XPh,Big Sean,artist,spotify:artist:0c173mlxpT3dSFRgMO8XPh,2nBI3iWLhupR7LyAJ5GGkE,spotify:track:2nBI3iWLhupR7LyAJ5GGkE,334253,True,68,1Vu8EHOlNPBFVBxmKtGHlr,brrrat brrrat
151,Champions,17lzZA2AlOHwCwFALHttmp,2 Chainz,artist,spotify:artist:17lzZA2AlOHwCwFALHttmp,2nBI3iWLhupR7LyAJ5GGkE,spotify:track:2nBI3iWLhupR7LyAJ5GGkE,334253,True,68,1Vu8EHOlNPBFVBxmKtGHlr,brrrat brrrat
152,Champions,0Y5tJX1MQlPlqiwlOH1tJY,Travis Scott,artist,spotify:artist:0Y5tJX1MQlPlqiwlOH1tJY,2nBI3iWLhupR7LyAJ5GGkE,spotify:track:2nBI3iWLhupR7LyAJ5GGkE,334253,True,68,1Vu8EHOlNPBFVBxmKtGHlr,brrrat brrrat
153,Champions,6Ha4aES39QiVjR0L2lwuwq,Yo Gotti,artist,spotify:artist:6Ha4aES39QiVjR0L2lwuwq,2nBI3iWLhupR7LyAJ5GGkE,spotify:track:2nBI3iWLhupR7LyAJ5GGkE,334253,True,68,1Vu8EHOlNPBFVBxmKtGHlr,brrrat brrrat
154,Champions,0VRj0yCOv2FXJNP47XQnx5,Quavo,artist,spotify:artist:0VRj0yCOv2FXJNP47XQnx5,2nBI3iWLhupR7LyAJ5GGkE,spotify:track:2nBI3iWLhupR7LyAJ5GGkE,334253,True,68,1Vu8EHOlNPBFVBxmKtGHlr,brrrat brrrat
155,Champions,7pFeBzX627ff0VnN6bxPR4,Desiigner,artist,spotify:artist:7pFeBzX627ff0VnN6bxPR4,2nBI3iWLhupR7LyAJ5GGkE,spotify:track:2nBI3iWLhupR7LyAJ5GGkE,334253,True,68,1Vu8EHOlNPBFVBxmKtGHlr,brrrat brrrat
156,One of Those Nights (feat. The Weeknd),5gCRApTajqwbnHHPbr2Fpi,Juicy J,artist,spotify:artist:5gCRApTajqwbnHHPbr2Fpi,6Jc69KjFo9QNailcyDJh2I,spotify:track:6Jc69KjFo9QNailcyDJh2I,256026,True,56,1Vu8EHOlNPBFVBxmKtGHlr,brrrat brrrat
157,One of Those Nights (feat. The Weeknd),1Xyo4u8uXC1ZmMpatF05PJ,The Weeknd,artist,spotify:artist:1Xyo4u8uXC1ZmMpatF05PJ,6Jc69KjFo9QNailcyDJh2I,spotify:track:6Jc69KjFo9QNailcyDJh2I,256026,True,56,1Vu8EHOlNPBFVBxmKtGHlr,brrrat brrrat
158,Low Life (feat. The Weeknd),1RyvyyTE3xzB2ZywiAwp0i,Future,artist,spotify:artist:1RyvyyTE3xzB2ZywiAwp0i,7EiZI6JVHllARrX9PUvAdX,spotify:track:7EiZI6JVHllARrX9PUvAdX,313546,True,75,1Vu8EHOlNPBFVBxmKtGHlr,brrrat brrrat
159,Low Life (feat. The Weeknd),1Xyo4u8uXC1ZmMpatF05PJ,The Weeknd,artist,spotify:artist:1Xyo4u8uXC1ZmMpatF05PJ,7EiZI6JVHllARrX9PUvAdX,spotify:track:7EiZI6JVHllARrX9PUvAdX,313546,True,75,1Vu8EHOlNPBFVBxmKtGHlr,brrrat brrrat
160,Jumpman,3TVXtAsR1Inumwj472S9r4,Drake,artist,spotify:artist:3TVXtAsR1Inumwj472S9r4,27GmP9AWRs744SzKcpJsTZ,spotify:track:27GmP9AWRs744SzKcpJsTZ,205879,True,74,1Vu8EHOlNPBFVBxmKtGHlr,brrrat brrrat
161,Jumpman,1RyvyyTE3xzB2ZywiAwp0i,Future,artist,spotify:artist:1RyvyyTE3xzB2ZywiAwp0i,27GmP9AWRs744SzKcpJsTZ,spotify:track:27GmP9AWRs744SzKcpJsTZ,205879,True,74,1Vu8EHOlNPBFVBxmKtGHlr,brrrat brrrat
162,F*ck Up Some Commas,1RyvyyTE3xzB2ZywiAwp0i,Future,artist,spotify:artist:1RyvyyTE3xzB2ZywiAwp0i,49zD0wr2S3d0lZPib0K4e1,spotify:track:49zD0wr2S3d0lZPib0K4e1,237400,True,67,1Vu8EHOlNPBFVBxmKtGHlr,brrrat brrrat
163,Bitches N Marijuana (feat. ScHoolboy Q),7bXgB6jMjp9ATFy66eO08Z,Chris Brown,artist,spotify:artist:7bXgB6jMjp9ATFy66eO08Z,3PiLfzEXHrvT1oJKR8PAJt,spotify:track:3PiLfzEXHrvT1oJKR8PAJt,254693,True,61,1Vu8EHOlNPBFVBxmKtGHlr,brrrat brrrat
164,Bitches N Marijuana (feat. ScHoolboy Q),5LHRHt1k9lMyONurDHEdrp,Tyga,artist,spotify:artist:5LHRHt1k9lMyONurDHEdrp,3PiLfzEXHrvT1oJKR8PAJt,spotify:track:3PiLfzEXHrvT1oJKR8PAJt,254693,True,61,1Vu8EHOlNPBFVBxmKtGHlr,brrrat brrrat
165,Bitches N Marijuana (feat. ScHoolboy Q),5IcR3N7QB1j6KBL8eImZ8m,ScHoolboy Q,artist,spotify:artist:5IcR3N7QB1j6KBL8eImZ8m,3PiLfzEXHrvT1oJKR8PAJt,spotify:track:3PiLfzEXHrvT1oJKR8PAJt,254693,True,61,1Vu8EHOlNPBFVBxmKtGHlr,brrrat brrrat
166,No Shopping,6vXTefBL93Dj5IqAWq6OTv,French Montana,artist,spotify:artist:6vXTefBL93Dj5IqAWq6OTv,0Di26AbdtizzHkFstPyt7A,spotify:track:0Di26AbdtizzHkFstPyt7A,227727,True,47,1Vu8EHOlNPBFVBxmKtGHlr,brrrat brrrat
167,No Shopping,3TVXtAsR1Inumwj472S9r4,Drake,artist,spotify:artist:3TVXtAsR1Inumwj472S9r4,0Di26AbdtizzHkFstPyt7A,spotify:track:0Di26AbdtizzHkFstPyt7A,227727,True,47,1Vu8EHOlNPBFVBxmKtGHlr,brrrat brrrat
168,New Level (feat. Future),5dHt1vcEm9qb8fCyLcB3HL,A$AP Ferg,artist,spotify:artist:5dHt1vcEm9qb8fCyLcB3HL,25rc1PFgPvtV6GFSloyOI0,spotify:track:25rc1PFgPvtV6GFSloyOI0,264973,True,57,1Vu8EHOlNPBFVBxmKtGHlr,brrrat brrrat
169,New Level (feat. Future),1RyvyyTE3xzB2ZywiAwp0i,Future,artist,spotify:artist:1RyvyyTE3xzB2ZywiAwp0i,25rc1PFgPvtV6GFSloyOI0,spotify:track:25rc1PFgPvtV6GFSloyOI0,264973,True,57,1Vu8EHOlNPBFVBxmKtGHlr,brrrat brrrat
170,Let It Bang (feat. ScHoolboy Q),5dHt1vcEm9qb8fCyLcB3HL,A$AP Ferg,artist,spotify:artist:5dHt1vcEm9qb8fCyLcB3HL,4yJ61FeTLi14BHzJXzurPi,spotify:track:4yJ61FeTLi14BHzJXzurPi,151306,True,47,1Vu8EHOlNPBFVBxmKtGHlr,brrrat brrrat
171,Let It Bang (feat. ScHoolboy Q),5IcR3N7QB1j6KBL8eImZ8m,ScHoolboy Q,artist,spotify:artist:5IcR3N7QB1j6KBL8eImZ8m,4yJ61FeTLi14BHzJXzurPi,spotify:track:4yJ61FeTLi14BHzJXzurPi,151306,True,47,1Vu8EHOlNPBFVBxmKtGHlr,brrrat brrrat
172,Back Hurt (feat. Migos),5dHt1vcEm9qb8fCyLcB3HL,A$AP Ferg,artist,spotify:artist:5dHt1vcEm9qb8fCyLcB3HL,4BWuRZe5uDrhcO3QDhNaxQ,spotify:track:4BWuRZe5uDrhcO3QDhNaxQ,216200,True,38,1Vu8EHOlNPBFVBxmKtGHlr,brrrat brrrat
173,Back Hurt (feat. Migos),6oMuImdp5ZcFhWP0ESe6mG,Migos,artist,spotify:artist:6oMuImdp5ZcFhWP0ESe6mG,4BWuRZe5uDrhcO3QDhNaxQ,spotify:track:4BWuRZe5uDrhcO3QDhNaxQ,216200,True,38,1Vu8EHOlNPBFVBxmKtGHlr,brrrat brrrat
174,Blasé (feat. Future & Rae Sremmurd),7c0XG5cIJTrrAgEC3ULPiq,Ty Dolla $ign,artist,spotify:artist:7c0XG5cIJTrrAgEC3ULPiq,3nW6HqoWdzpdz2oAzkHEoV,spotify:track:3nW6HqoWdzpdz2oAzkHEoV,286144,True,36,1Vu8EHOlNPBFVBxmKtGHlr,brrrat brrrat
175,Blasé (feat. Future & Rae Sremmurd),1RyvyyTE3xzB2ZywiAwp0i,Future,artist,spotify:artist:1RyvyyTE3xzB2ZywiAwp0i,3nW6HqoWdzpdz2oAzkHEoV,spotify:track:3nW6HqoWdzpdz2oAzkHEoV,286144,True,36,1Vu8EHOlNPBFVBxmKtGHlr,brrrat brrrat
176,Blasé (feat. Future & Rae Sremmurd),7iZtZyCzp3LItcw1wtPI3D,Rae Sremmurd,artist,spotify:artist:7iZtZyCzp3LItcw1wtPI3D,3nW6HqoWdzpdz2oAzkHEoV,spotify:track:3nW6HqoWdzpdz2oAzkHEoV,286144,True,36,1Vu8EHOlNPBFVBxmKtGHlr,brrrat brrrat
177,Antidote,0Y5tJX1MQlPlqiwlOH1tJY,Travis Scott,artist,spotify:artist:0Y5tJX1MQlPlqiwlOH1tJY,1wHZx0LgzFHyeIZkUydNXq,spotify:track:1wHZx0LgzFHyeIZkUydNXq,262693,True,76,1Vu8EHOlNPBFVBxmKtGHlr,brrrat brrrat
178,??? (Where) [feat. Migos],7c0XG5cIJTrrAgEC3ULPiq,Ty Dolla $ign,artist,spotify:artist:7c0XG5cIJTrrAgEC3ULPiq,11byn9E2NCI65biHtKOLG2,spotify:track:11byn9E2NCI65biHtKOLG2,265830,True,43,1Vu8EHOlNPBFVBxmKtGHlr,brrrat brrrat
179,??? (Where) [feat. Migos],6oMuImdp5ZcFhWP0ESe6mG,Migos,artist,spotify:artist:6oMuImdp5ZcFhWP0ESe6mG,11byn9E2NCI65biHtKOLG2,spotify:track:11byn9E2NCI65biHtKOLG2,265830,True,43,1Vu8EHOlNPBFVBxmKtGHlr,brrrat brrrat
180,Shabba (feat. A$AP Rocky),5dHt1vcEm9qb8fCyLcB3HL,A$AP Ferg,artist,spotify:artist:5dHt1vcEm9qb8fCyLcB3HL,7eaKWfov7b2Qa2n6HTesL3,spotify:track:7eaKWfov7b2Qa2n6HTesL3,275866,True,65,1Vu8EHOlNPBFVBxmKtGHlr,brrrat brrrat
181,Shabba (feat. A$AP Rocky),13ubrt8QOOCPljQ2FL1Kca,A$AP Rocky,artist,spotify:artist:13ubrt8QOOCPljQ2FL1Kca,7eaKWfov7b2Qa2n6HTesL3,spotify:track:7eaKWfov7b2Qa2n6HTesL3,275866,True,65,1Vu8EHOlNPBFVBxmKtGHlr,brrrat brrrat
182,way back,0Y5tJX1MQlPlqiwlOH1tJY,Travis Scott,artist,spotify:artist:0Y5tJX1MQlPlqiwlOH1tJY,2Zy7XVdxyZQB8xp5xbpJdl,spotify:track:2Zy7XVdxyZQB8xp5xbpJdl,272500,True,68,1Vu8EHOlNPBFVBxmKtGHlr,brrrat brrrat
183,Calm Down,02kJSzxNuaWGqwubyUba0Z,G-Eazy,artist,spotify:artist:02kJSzxNuaWGqwubyUba0Z,7xq3uN2toVZ8IbNzfTucyJ,spotify:track:7xq3uN2toVZ8IbNzfTucyJ,127426,True,63,1Vu8EHOlNPBFVBxmKtGHlr,brrrat brrrat
184,"Hella Hoes (feat. A$AP Rocky, A$AP Ferg, A$AP Nast & A$AP Twelvyy)",7yO4IdJjCEPz7YgZMe25iS,A$AP Mob,artist,spotify:artist:7yO4IdJjCEPz7YgZMe25iS,7MDKvOzNgAJ3KMCtaP2UOa,spotify:track:7MDKvOzNgAJ3KMCtaP2UOa,211964,True,54,1Vu8EHOlNPBFVBxmKtGHlr,brrrat brrrat
185,"Hella Hoes (feat. A$AP Rocky, A$AP Ferg, A$AP Nast & A$AP Twelvyy)",13ubrt8QOOCPljQ2FL1Kca,A$AP Rocky,artist,spotify:artist:13ubrt8QOOCPljQ2FL1Kca,7MDKvOzNgAJ3KMCtaP2UOa,spotify:track:7MDKvOzNgAJ3KMCtaP2UOa,211964,True,54,1Vu8EHOlNPBFVBxmKtGHlr,brrrat brrrat
186,"Hella Hoes (feat. A$AP Rocky, A$AP Ferg, A$AP Nast & A$AP Twelvyy)",5dHt1vcEm9qb8fCyLcB3HL,A$AP Ferg,artist,spotify:artist:5dHt1vcEm9qb8fCyLcB3HL,7MDKvOzNgAJ3KMCtaP2UOa,spotify:track:7MDKvOzNgAJ3KMCtaP2UOa,211964,True,54,1Vu8EHOlNPBFVBxmKtGHlr,brrrat brrrat
187,"Hella Hoes (feat. A$AP Rocky, A$AP Ferg, A$AP Nast & A$AP Twelvyy)",1uLYUm2A6kpFYAECfAFoH1,A$AP NAST,artist,spotify:artist:1uLYUm2A6kpFYAECfAFoH1,7MDKvOzNgAJ3KMCtaP2UOa,spotify:track:7MDKvOzNgAJ3KMCtaP2UOa,211964,True,54,1Vu8EHOlNPBFVBxmKtGHlr,brrrat brrrat
188,"Hella Hoes (feat. A$AP Rocky, A$AP Ferg, A$AP Nast & A$AP Twelvyy)",0tPjSrb43a58uznKru1k2P,A$AP Twelvyy,artist,spotify:artist:0tPjSrb43a58uznKru1k2P,7MDKvOzNgAJ3KMCtaP2UOa,spotify:track:7MDKvOzNgAJ3KMCtaP2UOa,211964,True,54,1Vu8EHOlNPBFVBxmKtGHlr,brrrat brrrat
189,Who,1RyvyyTE3xzB2ZywiAwp0i,Future,artist,spotify:artist:1RyvyyTE3xzB2ZywiAwp0i,2FzMXRTlAbHkEP1N5RrXaW,spotify:track:2FzMXRTlAbHkEP1N5RrXaW,192313,True,0,1Vu8EHOlNPBFVBxmKtGHlr,brrrat brrrat
190,Who,50co4Is1HCEo8bhOyUWKpn,Young Thug,artist,spotify:artist:50co4Is1HCEo8bhOyUWKpn,2FzMXRTlAbHkEP1N5RrXaW,spotify:track:2FzMXRTlAbHkEP1N5RrXaW,192313,True,0,1Vu8EHOlNPBFVBxmKtGHlr,brrrat brrrat
191,Both (feat. Drake),13y7CgLHjMVRMDqxdx0Xdo,Gucci Mane,artist,spotify:artist:13y7CgLHjMVRMDqxdx0Xdo,5tFep7dXGd7vEJ668wTPux,spotify:track:5tFep7dXGd7vEJ668wTPux,190311,True,70,1Vu8EHOlNPBFVBxmKtGHlr,brrrat brrrat
192,Both (feat. Drake),3TVXtAsR1Inumwj472S9r4,Drake,artist,spotify:artist:3TVXtAsR1Inumwj472S9r4,5tFep7dXGd7vEJ668wTPux,spotify:track:5tFep7dXGd7vEJ668wTPux,190311,True,70,1Vu8EHOlNPBFVBxmKtGHlr,brrrat brrrat
193,Hannah Montana,6oMuImdp5ZcFhWP0ESe6mG,Migos,artist,spotify:artist:6oMuImdp5ZcFhWP0ESe6mG,3SnLc0bQjQeE3HgGdNfb8u,spotify:track:3SnLc0bQjQeE3HgGdNfb8u,212712,True,49,1Vu8EHOlNPBFVBxmKtGHlr,brrrat brrrat
194,Call Casting,6oMuImdp5ZcFhWP0ESe6mG,Migos,artist,spotify:artist:6oMuImdp5ZcFhWP0ESe6mG,2SxF6pKTGmQLfkWua5d8j8,spotify:track:2SxF6pKTGmQLfkWua5d8j8,232705,True,27,1Vu8EHOlNPBFVBxmKtGHlr,brrrat brrrat
195,Fake Love,3TVXtAsR1Inumwj472S9r4,Drake,artist,spotify:artist:3TVXtAsR1Inumwj472S9r4,6NMNgWgEAzde5M8U3lc6FN,spotify:track:6NMNgWgEAzde5M8U3lc6FN,207813,True,0,1Vu8EHOlNPBFVBxmKtGHlr,brrrat brrrat
196,Sneakin’,3TVXtAsR1Inumwj472S9r4,Drake,artist,spotify:artist:3TVXtAsR1Inumwj472S9r4,4ckuS4Nj4FZ7i3Def3Br8W,spotify:track:4ckuS4Nj4FZ7i3Def3Br8W,251333,True,65,1Vu8EHOlNPBFVBxmKtGHlr,brrrat brrrat
197,Sneakin’,1URnnhqYAYcrqrcwql10ft,21 Savage,artist,spotify:artist:1URnnhqYAYcrqrcwql10ft,4ckuS4Nj4FZ7i3Def3Br8W,spotify:track:4ckuS4Nj4FZ7i3Def3Br8W,251333,True,65,1Vu8EHOlNPBFVBxmKtGHlr,brrrat brrrat
198,Schemin Up (feat. Drake and P. Reign),4thGcsymOK5oc43gJVtAqZ,OB OBrien,artist,spotify:artist:4thGcsymOK5oc43gJVtAqZ,63M8PK8yavNITSViKUB62p,spotify:track:63M8PK8yavNITSViKUB62p,330769,True,52,1Vu8EHOlNPBFVBxmKtGHlr,brrrat brrrat
199,Schemin Up (feat. Drake and P. Reign),3TVXtAsR1Inumwj472S9r4,Drake,artist,spotify:artist:3TVXtAsR1Inumwj472S9r4,63M8PK8yavNITSViKUB62p,spotify:track:63M8PK8yavNITSViKUB62p,330769,True,52,1Vu8EHOlNPBFVBxmKtGHlr,brrrat brrrat
200,Schemin Up (feat. Drake and P. Reign),0bdJZl7TDeiymDYzMJnVh2,Preme,artist,spotify:artist:0bdJZl7TDeiymDYzMJnVh2,63M8PK8yavNITSViKUB62p,spotify:track:63M8PK8yavNITSViKUB62p,330769,True,52,1Vu8EHOlNPBFVBxmKtGHlr,brrrat brrrat
201,Might Not,0FOWNUFHPnMy0vOw1siGqi,Belly,artist,spotify:artist:0FOWNUFHPnMy0vOw1siGqi,5e9aFSdnkQUrm5y8Dhw0qN,spotify:track:5e9aFSdnkQUrm5y8Dhw0qN,224213,True,67,1Vu8EHOlNPBFVBxmKtGHlr,brrrat brrrat
202,Might Not,1Xyo4u8uXC1ZmMpatF05PJ,The Weeknd,artist,spotify:artist:1Xyo4u8uXC1ZmMpatF05PJ,5e9aFSdnkQUrm5y8Dhw0qN,spotify:track:5e9aFSdnkQUrm5y8Dhw0qN,224213,True,67,1Vu8EHOlNPBFVBxmKtGHlr,brrrat brrrat
203,T-Shirt,6oMuImdp5ZcFhWP0ESe6mG,Migos,artist,spotify:artist:6oMuImdp5ZcFhWP0ESe6mG,7KOlJ92bu51cltsD9KU5I7,spotify:track:7KOlJ92bu51cltsD9KU5I7,242407,True,69,1Vu8EHOlNPBFVBxmKtGHlr,brrrat brrrat
204,U Mad,27w1NoOLMX7tJMYqcetPyG,VIC MENSA,artist,spotify:artist:27w1NoOLMX7tJMYqcetPyG,3KiEydhjn7yf58h9jBD5Sa,spotify:track:3KiEydhjn7yf58h9jBD5Sa,299800,True,57,1Vu8EHOlNPBFVBxmKtGHlr,brrrat brrrat
205,U Mad,5K4W6rqBFWDnAN6FQUkS6x,Kanye West,artist,spotify:artist:5K4W6rqBFWDnAN6FQUkS6x,3KiEydhjn7yf58h9jBD5Sa,spotify:track:3KiEydhjn7yf58h9jBD5Sa,299800,True,57,1Vu8EHOlNPBFVBxmKtGHlr,brrrat brrrat
206,I Don't Fuck With You,0c173mlxpT3dSFRgMO8XPh,Big Sean,artist,spotify:artist:0c173mlxpT3dSFRgMO8XPh,4w7yrP4RAeeyhfG9nJqQvS,spotify:track:4w7yrP4RAeeyhfG9nJqQvS,284386,True,0,1Vu8EHOlNPBFVBxmKtGHlr,brrrat brrrat
207,I Don't Fuck With You,3crnzLy8R4lVwaigKEOz7V,E-40,artist,spotify:artist:3crnzLy8R4lVwaigKEOz7V,4w7yrP4RAeeyhfG9nJqQvS,spotify:track:4w7yrP4RAeeyhfG9nJqQvS,284386,True,0,1Vu8EHOlNPBFVBxmKtGHlr,brrrat brrrat
208,For Free (feat. Drake),0QHgL1lAIqAw0HtD7YldmP,DJ Khaled,artist,spotify:artist:0QHgL1lAIqAw0HtD7YldmP,5TqBAOIBe0bQA0spNdcG3k,spotify:track:5TqBAOIBe0bQA0spNdcG3k,183695,True,54,1Vu8EHOlNPBFVBxmKtGHlr,brrrat brrrat
209,For Free (feat. Drake),3TVXtAsR1Inumwj472S9r4,Drake,artist,spotify:artist:3TVXtAsR1Inumwj472S9r4,5TqBAOIBe0bQA0spNdcG3k,spotify:track:5TqBAOIBe0bQA0spNdcG3k,183695,True,54,1Vu8EHOlNPBFVBxmKtGHlr,brrrat brrrat
210,m.A.A.d city,2YZyLoL8N0Wb9xBt1NhZWg,Kendrick Lamar,artist,spotify:artist:2YZyLoL8N0Wb9xBt1NhZWg,439TlnnznSiBbQbgXiBqAd,spotify:track:439TlnnznSiBbQbgXiBqAd,350120,True,68,1Vu8EHOlNPBFVBxmKtGHlr,brrrat brrrat
211,m.A.A.d city,4XqfpACObRB5AsBcUYjL8X,MC Eiht,artist,spotify:artist:4XqfpACObRB5AsBcUYjL8X,439TlnnznSiBbQbgXiBqAd,spotify:track:439TlnnznSiBbQbgXiBqAd,350120,True,68,1Vu8EHOlNPBFVBxmKtGHlr,brrrat brrrat
212,Dirt Off Your Shoulder,3nFkdlSjzX9mRTtwJOzDYB,JAY-Z,artist,spotify:artist:3nFkdlSjzX9mRTtwJOzDYB,3IrkbGQCoEPAkzJ0Tkv8nm,spotify:track:3IrkbGQCoEPAkzJ0Tkv8nm,245173,True,62,1Vu8EHOlNPBFVBxmKtGHlr,brrrat brrrat
213,Show Me What You Got,3nFkdlSjzX9mRTtwJOzDYB,JAY-Z,artist,spotify:artist:3nFkdlSjzX9mRTtwJOzDYB,1SlPhbS52PbNqqVCqGU12I,spotify:track:1SlPhbS52PbNqqVCqGU12I,223120,True,39,1Vu8EHOlNPBFVBxmKtGHlr,brrrat brrrat
214,BagBak,68kEuyFKyqrdQQLLsmiatm,Vince Staples,artist,spotify:artist:68kEuyFKyqrdQQLLsmiatm,0ylljWEG3ggkTlQbnUZb3Q,spotify:track:0ylljWEG3ggkTlQbnUZb3Q,160506,True,0,1Vu8EHOlNPBFVBxmKtGHlr,brrrat brrrat
215,Mask Off,1RyvyyTE3xzB2ZywiAwp0i,Future,artist,spotify:artist:1RyvyyTE3xzB2ZywiAwp0i,3rOSwuTsUlJp0Pu0MkN8r8,spotify:track:3rOSwuTsUlJp0Pu0MkN8r8,204600,True,45,1Vu8EHOlNPBFVBxmKtGHlr,brrrat brrrat
216,Gyalchester,3TVXtAsR1Inumwj472S9r4,Drake,artist,spotify:artist:3TVXtAsR1Inumwj472S9r4,6UjfByV1lDLW0SOVQA4NAi,spotify:track:6UjfByV1lDLW0SOVQA4NAi,189229,True,69,1Vu8EHOlNPBFVBxmKtGHlr,brrrat brrrat
217,Portland,3TVXtAsR1Inumwj472S9r4,Drake,artist,spotify:artist:3TVXtAsR1Inumwj472S9r4,2bjwRfXMk4uRgOD9IBYl9h,spotify:track:2bjwRfXMk4uRgOD9IBYl9h,236614,True,73,1Vu8EHOlNPBFVBxmKtGHlr,brrrat brrrat
218,Portland,0VRj0yCOv2FXJNP47XQnx5,Quavo,artist,spotify:artist:0VRj0yCOv2FXJNP47XQnx5,2bjwRfXMk4uRgOD9IBYl9h,spotify:track:2bjwRfXMk4uRgOD9IBYl9h,236614,True,73,1Vu8EHOlNPBFVBxmKtGHlr,brrrat brrrat
219,Portland,0Y5tJX1MQlPlqiwlOH1tJY,Travis Scott,artist,spotify:artist:0Y5tJX1MQlPlqiwlOH1tJY,2bjwRfXMk4uRgOD9IBYl9h,spotify:track:2bjwRfXMk4uRgOD9IBYl9h,236614,True,73,1Vu8EHOlNPBFVBxmKtGHlr,brrrat brrrat
220,HUMBLE.,2YZyLoL8N0Wb9xBt1NhZWg,Kendrick Lamar,artist,spotify:artist:2YZyLoL8N0Wb9xBt1NhZWg,31c9IHwCIONmUYW0jL7Riz,spotify:track:31c9IHwCIONmUYW0jL7Riz,177604,True,2,1Vu8EHOlNPBFVBxmKtGHlr,brrrat brrrat
221,Black Beatles,7iZtZyCzp3LItcw1wtPI3D,Rae Sremmurd,artist,spotify:artist:7iZtZyCzp3LItcw1wtPI3D,6fujklziTHa8uoM5OQSfIo,spotify:track:6fujklziTHa8uoM5OQSfIo,291893,True,76,1Vu8EHOlNPBFVBxmKtGHlr,brrrat brrrat
222,Black Beatles,13y7CgLHjMVRMDqxdx0Xdo,Gucci Mane,artist,spotify:artist:13y7CgLHjMVRMDqxdx0Xdo,6fujklziTHa8uoM5OQSfIo,spotify:track:6fujklziTHa8uoM5OQSfIo,291893,True,76,1Vu8EHOlNPBFVBxmKtGHlr,brrrat brrrat
223,"Top Back Remix (feat. Young Jeezy, Young Dro, Big Kuntry King, B.G.)",4OBJLual30L7gRl5UkeRcT,T.I.,artist,spotify:artist:4OBJLual30L7gRl5UkeRcT,1H3j02k8vrhbPekOqV00mG,spotify:track:1H3j02k8vrhbPekOqV00mG,272146,True,0,1Vu8EHOlNPBFVBxmKtGHlr,brrrat brrrat
224,"Top Back Remix (feat. Young Jeezy, Young Dro, Big Kuntry King, B.G.)",4yBK75WVCQXej1p04GWqxH,Jeezy,artist,spotify:artist:4yBK75WVCQXej1p04GWqxH,1H3j02k8vrhbPekOqV00mG,spotify:track:1H3j02k8vrhbPekOqV00mG,272146,True,0,1Vu8EHOlNPBFVBxmKtGHlr,brrrat brrrat
225,"Top Back Remix (feat. Young Jeezy, Young Dro, Big Kuntry King, B.G.)",3ZooCJzNMTLpmJaIRUEorI,Young Dro,artist,spotify:artist:3ZooCJzNMTLpmJaIRUEorI,1H3j02k8vrhbPekOqV00mG,spotify:track:1H3j02k8vrhbPekOqV00mG,272146,True,0,1Vu8EHOlNPBFVBxmKtGHlr,brrrat brrrat
226,"Top Back Remix (feat. Young Jeezy, Young Dro, Big Kuntry King, B.G.)",4V77E8MyGPCCvvjVFbYQfS,Big Kuntry King,artist,spotify:artist:4V77E8MyGPCCvvjVFbYQfS,1H3j02k8vrhbPekOqV00mG,spotify:track:1H3j02k8vrhbPekOqV00mG,272146,True,0,1Vu8EHOlNPBFVBxmKtGHlr,brrrat brrrat
227,"Top Back Remix (feat. Young Jeezy, Young Dro, Big Kuntry King, B.G.)",36HvjE9pV91jEjO1qBRidS,B.G.,artist,spotify:artist:36HvjE9pV91jEjO1qBRidS,1H3j02k8vrhbPekOqV00mG,spotify:track:1H3j02k8vrhbPekOqV00mG,272146,True,0,1Vu8EHOlNPBFVBxmKtGHlr,brrrat brrrat
228,Magnolia,699OTQXzgjhIYAHMy9RyPD,Playboi Carti,artist,spotify:artist:699OTQXzgjhIYAHMy9RyPD,1e1JKLEDKP7hEQzJfNAgPl,spotify:track:1e1JKLEDKP7hEQzJfNAgPl,181812,True,76,1Vu8EHOlNPBFVBxmKtGHlr,brrrat brrrat
229,Big Fish,68kEuyFKyqrdQQLLsmiatm,Vince Staples,artist,spotify:artist:68kEuyFKyqrdQQLLsmiatm,1hsCcm0xujceILNvgRfrVB,spotify:track:1hsCcm0xujceILNvgRfrVB,198053,False,0,1Vu8EHOlNPBFVBxmKtGHlr,brrrat brrrat
230,Martians Vs Goblins,0NbfKEOTQCcwd6o7wSDOHI,The Game,artist,spotify:artist:0NbfKEOTQCcwd6o7wSDOHI,1UIcqXAA24eg76EFWViwr5,spotify:track:1UIcqXAA24eg76EFWViwr5,228826,True,61,1Vu8EHOlNPBFVBxmKtGHlr,brrrat brrrat
231,Martians Vs Goblins,55Aa2cqylxrFIXC767Z865,Lil Wayne,artist,spotify:artist:55Aa2cqylxrFIXC767Z865,1UIcqXAA24eg76EFWViwr5,spotify:track:1UIcqXAA24eg76EFWViwr5,228826,True,61,1Vu8EHOlNPBFVBxmKtGHlr,brrrat brrrat
232,Martians Vs Goblins,4V8LLVI7PbaPR0K2TGSxFF,"Tyler, The Creator",artist,spotify:artist:4V8LLVI7PbaPR0K2TGSxFF,1UIcqXAA24eg76EFWViwr5,spotify:track:1UIcqXAA24eg76EFWViwr5,228826,True,61,1Vu8EHOlNPBFVBxmKtGHlr,brrrat brrrat
233,BUTTERFLY EFFECT,0Y5tJX1MQlPlqiwlOH1tJY,Travis Scott,artist,spotify:artist:0Y5tJX1MQlPlqiwlOH1tJY,1yxgsra98r3qAtxqiGZPiX,spotify:track:1yxgsra98r3qAtxqiGZPiX,190677,False,2,1Vu8EHOlNPBFVBxmKtGHlr,brrrat brrrat
234,Trap Paris (feat. Quavo & Ty Dolla $ign),6TIYQ3jFPwQSRmorSezPxX,Machine Gun Kelly,artist,spotify:artist:6TIYQ3jFPwQSRmorSezPxX,5hfpu8saHLGedbHRtNCYjm,spotify:track:5hfpu8saHLGedbHRtNCYjm,203000,True,54,1Vu8EHOlNPBFVBxmKtGHlr,brrrat brrrat
235,Trap Paris (feat. Quavo & Ty Dolla $ign),0VRj0yCOv2FXJNP47XQnx5,Quavo,artist,spotify:artist:0VRj0yCOv2FXJNP47XQnx5,5hfpu8saHLGedbHRtNCYjm,spotify:track:5hfpu8saHLGedbHRtNCYjm,203000,True,54,1Vu8EHOlNPBFVBxmKtGHlr,brrrat brrrat
236,Trap Paris (feat. Quavo & Ty Dolla $ign),7c0XG5cIJTrrAgEC3ULPiq,Ty Dolla $ign,artist,spotify:artist:7c0XG5cIJTrrAgEC3ULPiq,5hfpu8saHLGedbHRtNCYjm,spotify:track:5hfpu8saHLGedbHRtNCYjm,203000,True,54,1Vu8EHOlNPBFVBxmKtGHlr,brrrat brrrat
237,JoHn Muir,5IcR3N7QB1j6KBL8eImZ8m,ScHoolboy Q,artist,spotify:artist:5IcR3N7QB1j6KBL8eImZ8m,7sr74Bz3GBTNMQe1m4F5Ut,spotify:track:7sr74Bz3GBTNMQe1m4F5Ut,219026,True,56,1Vu8EHOlNPBFVBxmKtGHlr,brrrat brrrat
238,Collard Greens,5IcR3N7QB1j6KBL8eImZ8m,ScHoolboy Q,artist,spotify:artist:5IcR3N7QB1j6KBL8eImZ8m,0zO8ctW0UiuOefR87OeJOZ,spotify:track:0zO8ctW0UiuOefR87OeJOZ,299960,True,73,1Vu8EHOlNPBFVBxmKtGHlr,brrrat brrrat
239,Collard Greens,2YZyLoL8N0Wb9xBt1NhZWg,Kendrick Lamar,artist,spotify:artist:2YZyLoL8N0Wb9xBt1NhZWg,0zO8ctW0UiuOefR87OeJOZ,spotify:track:0zO8ctW0UiuOefR87OeJOZ,299960,True,73,1Vu8EHOlNPBFVBxmKtGHlr,brrrat brrrat
240,LigHt Years AHead (Sky HigH),5IcR3N7QB1j6KBL8eImZ8m,ScHoolboy Q,artist,spotify:artist:5IcR3N7QB1j6KBL8eImZ8m,1hjOus1mOUJ5lObEg2I077,spotify:track:1hjOus1mOUJ5lObEg2I077,251783,True,38,1Vu8EHOlNPBFVBxmKtGHlr,brrrat brrrat
241,LigHt Years AHead (Sky HigH),2YZyLoL8N0Wb9xBt1NhZWg,Kendrick Lamar,artist,spotify:artist:2YZyLoL8N0Wb9xBt1NhZWg,1hjOus1mOUJ5lObEg2I077,spotify:track:1hjOus1mOUJ5lObEg2I077,251783,True,38,1Vu8EHOlNPBFVBxmKtGHlr,brrrat brrrat
242,Rolling Stone,7a9KRWdaSZktpGGnWndzbC,Black Hippy,artist,spotify:artist:7a9KRWdaSZktpGGnWndzbC,7x9vJE3Xa7mIH106rzO9Tk,spotify:track:7x9vJE3Xa7mIH106rzO9Tk,216569,True,47,1Vu8EHOlNPBFVBxmKtGHlr,brrrat brrrat
243,Old English,50co4Is1HCEo8bhOyUWKpn,Young Thug,artist,spotify:artist:50co4Is1HCEo8bhOyUWKpn,2MO3mSPBH8U9qalH72vqZ1,spotify:track:2MO3mSPBH8U9qalH72vqZ1,201960,False,0,1Vu8EHOlNPBFVBxmKtGHlr,brrrat brrrat
244,Old English,5dHt1vcEm9qb8fCyLcB3HL,A$AP Ferg,artist,spotify:artist:5dHt1vcEm9qb8fCyLcB3HL,2MO3mSPBH8U9qalH72vqZ1,spotify:track:2MO3mSPBH8U9qalH72vqZ1,201960,False,0,1Vu8EHOlNPBFVBxmKtGHlr,brrrat brrrat
245,Old English,0Y4inQK6OespitzD6ijMwb,Freddie Gibbs,artist,spotify:artist:0Y4inQK6OespitzD6ijMwb,2MO3mSPBH8U9qalH72vqZ1,spotify:track:2MO3mSPBH8U9qalH72vqZ1,201960,False,0,1Vu8EHOlNPBFVBxmKtGHlr,brrrat brrrat
246,1Train,13ubrt8QOOCPljQ2FL1Kca,A$AP Rocky,artist,spotify:artist:13ubrt8QOOCPljQ2FL1Kca,7AijU6oTPGmG64uWf63Qvc,spotify:track:7AijU6oTPGmG64uWf63Qvc,372173,True,0,1Vu8EHOlNPBFVBxmKtGHlr,brrrat brrrat
247,1Train,2YZyLoL8N0Wb9xBt1NhZWg,Kendrick Lamar,artist,spotify:artist:2YZyLoL8N0Wb9xBt1NhZWg,7AijU6oTPGmG64uWf63Qvc,spotify:track:7AijU6oTPGmG64uWf63Qvc,372173,True,0,1Vu8EHOlNPBFVBxmKtGHlr,brrrat brrrat
248,1Train,2P5sC9cVZDToPxyomzF1UH,Joey Bada$$,artist,spotify:artist:2P5sC9cVZDToPxyomzF1UH,7AijU6oTPGmG64uWf63Qvc,spotify:track:7AijU6oTPGmG64uWf63Qvc,372173,True,0,1Vu8EHOlNPBFVBxmKtGHlr,brrrat brrrat
249,1Train,68DWke2VjdDmA75aJX5C57,Yelawolf,artist,spotify:artist:68DWke2VjdDmA75aJX5C57,7AijU6oTPGmG64uWf63Qvc,spotify:track:7AijU6oTPGmG64uWf63Qvc,372173,True,0,1Vu8EHOlNPBFVBxmKtGHlr,brrrat brrrat
250,1Train,7aA592KWirLsnfb5ulGWvU,Danny Brown,artist,spotify:artist:7aA592KWirLsnfb5ulGWvU,7AijU6oTPGmG64uWf63Qvc,spotify:track:7AijU6oTPGmG64uWf63Qvc,372173,True,0,1Vu8EHOlNPBFVBxmKtGHlr,brrrat brrrat
251,1Train,7BMccF0hQFBpP6417k1OtQ,Action Bronson,artist,spotify:artist:7BMccF0hQFBpP6417k1OtQ,7AijU6oTPGmG64uWf63Qvc,spotify:track:7AijU6oTPGmG64uWf63Qvc,372173,True,0,1Vu8EHOlNPBFVBxmKtGHlr,brrrat brrrat
252,1Train,0CKa42Jqrc9fSFbDjePaXP,Big K.R.I.T.,artist,spotify:artist:0CKa42Jqrc9fSFbDjePaXP,7AijU6oTPGmG64uWf63Qvc,spotify:track:7AijU6oTPGmG64uWf63Qvc,372173,True,0,1Vu8EHOlNPBFVBxmKtGHlr,brrrat brrrat
253,Don't Like.1,5K4W6rqBFWDnAN6FQUkS6x,Kanye West,artist,spotify:artist:5K4W6rqBFWDnAN6FQUkS6x,12D0n7hKpPcjuUpcbAKjjr,spotify:track:12D0n7hKpPcjuUpcbAKjjr,283653,True,59,1Vu8EHOlNPBFVBxmKtGHlr,brrrat brrrat
254,Don't Like.1,15iVAtD3s3FsQR4w1v6M0P,Chief Keef,artist,spotify:artist:15iVAtD3s3FsQR4w1v6M0P,12D0n7hKpPcjuUpcbAKjjr,spotify:track:12D0n7hKpPcjuUpcbAKjjr,283653,True,59,1Vu8EHOlNPBFVBxmKtGHlr,brrrat brrrat
255,Don't Like.1,0ONHkAv9pCAFxb0zJwDNTy,Pusha T,artist,spotify:artist:0ONHkAv9pCAFxb0zJwDNTy,12D0n7hKpPcjuUpcbAKjjr,spotify:track:12D0n7hKpPcjuUpcbAKjjr,283653,True,59,1Vu8EHOlNPBFVBxmKtGHlr,brrrat brrrat
256,Don't Like.1,0c173mlxpT3dSFRgMO8XPh,Big Sean,artist,spotify:artist:0c173mlxpT3dSFRgMO8XPh,12D0n7hKpPcjuUpcbAKjjr,spotify:track:12D0n7hKpPcjuUpcbAKjjr,283653,True,59,1Vu8EHOlNPBFVBxmKtGHlr,brrrat brrrat
257,Don't Like.1,5pnbUBPifNnlusY8kTBivi,Jadakiss,artist,spotify:artist:5pnbUBPifNnlusY8kTBivi,12D0n7hKpPcjuUpcbAKjjr,spotify:track:12D0n7hKpPcjuUpcbAKjjr,283653,True,59,1Vu8EHOlNPBFVBxmKtGHlr,brrrat brrrat
258,Ali Bomaye,0NbfKEOTQCcwd6o7wSDOHI,The Game,artist,spotify:artist:0NbfKEOTQCcwd6o7wSDOHI,0LFcFGLYTX6UmeIdO7NVd7,spotify:track:0LFcFGLYTX6UmeIdO7NVd7,372706,True,67,1Vu8EHOlNPBFVBxmKtGHlr,brrrat brrrat
259,Ali Bomaye,17lzZA2AlOHwCwFALHttmp,2 Chainz,artist,spotify:artist:17lzZA2AlOHwCwFALHttmp,0LFcFGLYTX6UmeIdO7NVd7,spotify:track:0LFcFGLYTX6UmeIdO7NVd7,372706,True,67,1Vu8EHOlNPBFVBxmKtGHlr,brrrat brrrat
260,Ali Bomaye,1sBkRIssrMs1AbVkOJbc7a,Rick Ross,artist,spotify:artist:1sBkRIssrMs1AbVkOJbc7a,0LFcFGLYTX6UmeIdO7NVd7,spotify:track:0LFcFGLYTX6UmeIdO7NVd7,372706,True,67,1Vu8EHOlNPBFVBxmKtGHlr,brrrat brrrat
261,IV. Sweatpants,73sIBHcqh3Z3NyqHKZ7FOL,Childish Gambino,artist,spotify:artist:73sIBHcqh3Z3NyqHKZ7FOL,2rmq49FcJ4U3wh1Z7C9UxE,spotify:track:2rmq49FcJ4U3wh1Z7C9UxE,180680,True,0,1Vu8EHOlNPBFVBxmKtGHlr,brrrat brrrat
262,Still D.R.E.,6DPYiyq5kWVQS4RGwxzPC7,Dr. Dre,artist,spotify:artist:6DPYiyq5kWVQS4RGwxzPC7,503OTo2dSqe7qk76rgsbep,spotify:track:503OTo2dSqe7qk76rgsbep,270586,True,81,1Vu8EHOlNPBFVBxmKtGHlr,brrrat brrrat
263,Still D.R.E.,7hJcb9fa4alzcOq3EaNPoG,Snoop Dogg,artist,spotify:artist:7hJcb9fa4alzcOq3EaNPoG,503OTo2dSqe7qk76rgsbep,spotify:track:503OTo2dSqe7qk76rgsbep,270586,True,81,1Vu8EHOlNPBFVBxmKtGHlr,brrrat brrrat
264,Yay Yay,5IcR3N7QB1j6KBL8eImZ8m,ScHoolboy Q,artist,spotify:artist:5IcR3N7QB1j6KBL8eImZ8m,6n0KwBRfQX2O5CPAfdcD6a,spotify:track:6n0KwBRfQX2O5CPAfdcD6a,271773,True,0,1Vu8EHOlNPBFVBxmKtGHlr,brrrat brrrat
265,"Iced Out My Arms (feat. Future, Migos, 21 Savage & T.I.)",0QHgL1lAIqAw0HtD7YldmP,DJ Khaled,artist,spotify:artist:0QHgL1lAIqAw0HtD7YldmP,2ClE3QfsNx9p0zjPKxmUYq,spotify:track:2ClE3QfsNx9p0zjPKxmUYq,275533,True,38,1Vu8EHOlNPBFVBxmKtGHlr,brrrat brrrat
266,"Iced Out My Arms (feat. Future, Migos, 21 Savage & T.I.)",1RyvyyTE3xzB2ZywiAwp0i,Future,artist,spotify:artist:1RyvyyTE3xzB2ZywiAwp0i,2ClE3QfsNx9p0zjPKxmUYq,spotify:track:2ClE3QfsNx9p0zjPKxmUYq,275533,True,38,1Vu8EHOlNPBFVBxmKtGHlr,brrrat brrrat
267,"Iced Out My Arms (feat. Future, Migos, 21 Savage & T.I.)",6oMuImdp5ZcFhWP0ESe6mG,Migos,artist,spotify:artist:6oMuImdp5ZcFhWP0ESe6mG,2ClE3QfsNx9p0zjPKxmUYq,spotify:track:2ClE3QfsNx9p0zjPKxmUYq,275533,True,38,1Vu8EHOlNPBFVBxmKtGHlr,brrrat brrrat
268,"Iced Out My Arms (feat. Future, Migos, 21 Savage & T.I.)",1URnnhqYAYcrqrcwql10ft,21 Savage,artist,spotify:artist:1URnnhqYAYcrqrcwql10ft,2ClE3QfsNx9p0zjPKxmUYq,spotify:track:2ClE3QfsNx9p0zjPKxmUYq,275533,True,38,1Vu8EHOlNPBFVBxmKtGHlr,brrrat brrrat
269,"Iced Out My Arms (feat. Future, Migos, 21 Savage & T.I.)",4OBJLual30L7gRl5UkeRcT,T.I.,artist,spotify:artist:4OBJLual30L7gRl5UkeRcT,2ClE3QfsNx9p0zjPKxmUYq,spotify:track:2ClE3QfsNx9p0zjPKxmUYq,275533,True,38,1Vu8EHOlNPBFVBxmKtGHlr,brrrat brrrat
270,Promise,01QTIT5P1pFP3QnnFSdsJf,Lupe Fiasco,artist,spotify:artist:01QTIT5P1pFP3QnnFSdsJf,4MzkYx6KAEKNb0V1eftx8H,spotify:track:4MzkYx6KAEKNb0V1eftx8H,272221,True,35,1Vu8EHOlNPBFVBxmKtGHlr,brrrat brrrat
271,Check,50co4Is1HCEo8bhOyUWKpn,Young Thug,artist,spotify:artist:50co4Is1HCEo8bhOyUWKpn,1jk9c0gZI0wbn5GvAj7PBV,spotify:track:1jk9c0gZI0wbn5GvAj7PBV,230693,True,64,1Vu8EHOlNPBFVBxmKtGHlr,brrrat brrrat
272,Check,50co4Is1HCEo8bhOyUWKpn,Young Thug,artist,spotify:artist:50co4Is1HCEo8bhOyUWKpn,1jk9c0gZI0wbn5GvAj7PBV,spotify:track:1jk9c0gZI0wbn5GvAj7PBV,230693,True,64,1V9wButKEb5GJDshdKUGeN,werk
273,Check,50co4Is1HCEo8bhOyUWKpn,Young Thug,artist,spotify:artist:50co4Is1HCEo8bhOyUWKpn,1jk9c0gZI0wbn5GvAj7PBV,spotify:track:1jk9c0gZI0wbn5GvAj7PBV,230693,True,64,1Vu8EHOlNPBFVBxmKtGHlr,brrrat brrrat
274,Check,50co4Is1HCEo8bhOyUWKpn,Young Thug,artist,spotify:artist:50co4Is1HCEo8bhOyUWKpn,1jk9c0gZI0wbn5GvAj7PBV,spotify:track:1jk9c0gZI0wbn5GvAj7PBV,230693,True,64,1V9wButKEb5GJDshdKUGeN,werk
275,"East Coast REMIX (feat. Busta Rhymes, A$AP Rocky, Dave East, French Montana, Rick Ross & Snoop Dogg)",5dHt1vcEm9qb8fCyLcB3HL,A$AP Ferg,artist,spotify:artist:5dHt1vcEm9qb8fCyLcB3HL,67c4kWwica8i1bxNJc1rkq,spotify:track:67c4kWwica8i1bxNJc1rkq,334895,True,35,1Vu8EHOlNPBFVBxmKtGHlr,brrrat brrrat
276,"East Coast REMIX (feat. Busta Rhymes, A$AP Rocky, Dave East, French Montana, Rick Ross & Snoop Dogg)",1YfEcTuGvBQ8xSD1f53UnK,Busta Rhymes,artist,spotify:artist:1YfEcTuGvBQ8xSD1f53UnK,67c4kWwica8i1bxNJc1rkq,spotify:track:67c4kWwica8i1bxNJc1rkq,334895,True,35,1Vu8EHOlNPBFVBxmKtGHlr,brrrat brrrat
277,"East Coast REMIX (feat. Busta Rhymes, A$AP Rocky, Dave East, French Montana, Rick Ross & Snoop Dogg)",13ubrt8QOOCPljQ2FL1Kca,A$AP Rocky,artist,spotify:artist:13ubrt8QOOCPljQ2FL1Kca,67c4kWwica8i1bxNJc1rkq,spotify:track:67c4kWwica8i1bxNJc1rkq,334895,True,35,1Vu8EHOlNPBFVBxmKtGHlr,brrrat brrrat
278,"East Coast REMIX (feat. Busta Rhymes, A$AP Rocky, Dave East, French Montana, Rick Ross & Snoop Dogg)",7e10JUMF7MJmmwYpnTSMI5,Dave East,artist,spotify:artist:7e10JUMF7MJmmwYpnTSMI5,67c4kWwica8i1bxNJc1rkq,spotify:track:67c4kWwica8i1bxNJc1rkq,334895,True,35,1Vu8EHOlNPBFVBxmKtGHlr,brrrat brrrat
279,"East Coast REMIX (feat. Busta Rhymes, A$AP Rocky, Dave East, French Montana, Rick Ross & Snoop Dogg)",6vXTefBL93Dj5IqAWq6OTv,French Montana,artist,spotify:artist:6vXTefBL93Dj5IqAWq6OTv,67c4kWwica8i1bxNJc1rkq,spotify:track:67c4kWwica8i1bxNJc1rkq,334895,True,35,1Vu8EHOlNPBFVBxmKtGHlr,brrrat brrrat
280,"East Coast REMIX (feat. Busta Rhymes, A$AP Rocky, Dave East, French Montana, Rick Ross & Snoop Dogg)",1sBkRIssrMs1AbVkOJbc7a,Rick Ross,artist,spotify:artist:1sBkRIssrMs1AbVkOJbc7a,67c4kWwica8i1bxNJc1rkq,spotify:track:67c4kWwica8i1bxNJc1rkq,334895,True,35,1Vu8EHOlNPBFVBxmKtGHlr,brrrat brrrat
281,"East Coast REMIX (feat. Busta Rhymes, A$AP Rocky, Dave East, French Montana, Rick Ross & Snoop Dogg)",7hJcb9fa4alzcOq3EaNPoG,Snoop Dogg,artist,spotify:artist:7hJcb9fa4alzcOq3EaNPoG,67c4kWwica8i1bxNJc1rkq,spotify:track:67c4kWwica8i1bxNJc1rkq,334895,True,35,1Vu8EHOlNPBFVBxmKtGHlr,brrrat brrrat
282,Nasty (Who Dat) (feat. Migos),5dHt1vcEm9qb8fCyLcB3HL,A$AP Ferg,artist,spotify:artist:5dHt1vcEm9qb8fCyLcB3HL,4GBuL6fgtVXJNgP1GzoF6Z,spotify:track:4GBuL6fgtVXJNgP1GzoF6Z,210681,True,37,1Vu8EHOlNPBFVBxmKtGHlr,brrrat brrrat
283,Nasty (Who Dat) (feat. Migos),6oMuImdp5ZcFhWP0ESe6mG,Migos,artist,spotify:artist:6oMuImdp5ZcFhWP0ESe6mG,4GBuL6fgtVXJNgP1GzoF6Z,spotify:track:4GBuL6fgtVXJNgP1GzoF6Z,210681,True,37,1Vu8EHOlNPBFVBxmKtGHlr,brrrat brrrat
284,Plain Jane,5dHt1vcEm9qb8fCyLcB3HL,A$AP Ferg,artist,spotify:artist:5dHt1vcEm9qb8fCyLcB3HL,3CrGhzG1oFEpgyK9XlxrXq,spotify:track:3CrGhzG1oFEpgyK9XlxrXq,173254,True,46,1Vu8EHOlNPBFVBxmKtGHlr,brrrat brrrat
285,"RAF (feat. A$AP Rocky, Playboi Carti, Quavo, Lil Uzi Vert & Frank Ocean)",7yO4IdJjCEPz7YgZMe25iS,A$AP Mob,artist,spotify:artist:7yO4IdJjCEPz7YgZMe25iS,6kl1qtQXQsFiIWRBK24Cfp,spotify:track:6kl1qtQXQsFiIWRBK24Cfp,255413,True,63,1Vu8EHOlNPBFVBxmKtGHlr,brrrat brrrat
286,"RAF (feat. A$AP Rocky, Playboi Carti, Quavo, Lil Uzi Vert & Frank Ocean)",13ubrt8QOOCPljQ2FL1Kca,A$AP Rocky,artist,spotify:artist:13ubrt8QOOCPljQ2FL1Kca,6kl1qtQXQsFiIWRBK24Cfp,spotify:track:6kl1qtQXQsFiIWRBK24Cfp,255413,True,63,1Vu8EHOlNPBFVBxmKtGHlr,brrrat brrrat
287,"RAF (feat. A$AP Rocky, Playboi Carti, Quavo, Lil Uzi Vert & Frank Ocean)",699OTQXzgjhIYAHMy9RyPD,Playboi Carti,artist,spotify:artist:699OTQXzgjhIYAHMy9RyPD,6kl1qtQXQsFiIWRBK24Cfp,spotify:track:6kl1qtQXQsFiIWRBK24Cfp,255413,True,63,1Vu8EHOlNPBFVBxmKtGHlr,brrrat brrrat
288,"RAF (feat. A$AP Rocky, Playboi Carti, Quavo, Lil Uzi Vert & Frank Ocean)",0VRj0yCOv2FXJNP47XQnx5,Quavo,artist,spotify:artist:0VRj0yCOv2FXJNP47XQnx5,6kl1qtQXQsFiIWRBK24Cfp,spotify:track:6kl1qtQXQsFiIWRBK24Cfp,255413,True,63,1Vu8EHOlNPBFVBxmKtGHlr,brrrat brrrat
289,"RAF (feat. A$AP Rocky, Playboi Carti, Quavo, Lil Uzi Vert & Frank Ocean)",4O15NlyKLIASxsJ0PrXPfz,Lil Uzi Vert,artist,spotify:artist:4O15NlyKLIASxsJ0PrXPfz,6kl1qtQXQsFiIWRBK24Cfp,spotify:track:6kl1qtQXQsFiIWRBK24Cfp,255413,True,63,1Vu8EHOlNPBFVBxmKtGHlr,brrrat brrrat
290,"RAF (feat. A$AP Rocky, Playboi Carti, Quavo, Lil Uzi Vert & Frank Ocean)",2h93pZq0e7k5yf4dywlkpM,Frank Ocean,artist,spotify:artist:2h93pZq0e7k5yf4dywlkpM,6kl1qtQXQsFiIWRBK24Cfp,spotify:track:6kl1qtQXQsFiIWRBK24Cfp,255413,True,63,1Vu8EHOlNPBFVBxmKtGHlr,brrrat brrrat
291,Migo Montana,6vXTefBL93Dj5IqAWq6OTv,French Montana,artist,spotify:artist:6vXTefBL93Dj5IqAWq6OTv,2Y3zcR4Zk0XyNtscjr7qvN,spotify:track:2Y3zcR4Zk0XyNtscjr7qvN,218612,True,39,1Vu8EHOlNPBFVBxmKtGHlr,brrrat brrrat
292,Migo Montana,0VRj0yCOv2FXJNP47XQnx5,Quavo,artist,spotify:artist:0VRj0yCOv2FXJNP47XQnx5,2Y3zcR4Zk0XyNtscjr7qvN,spotify:track:2Y3zcR4Zk0XyNtscjr7qvN,218612,True,39,1Vu8EHOlNPBFVBxmKtGHlr,brrrat brrrat
293,Unchained (The Payback / Untouchable),7GaxyUddsPok8BuhxN6OUW,James Brown,artist,spotify:artist:7GaxyUddsPok8BuhxN6OUW,1zPkAyWzIAePfmbhHetqK7,spotify:track:1zPkAyWzIAePfmbhHetqK7,171573,True,41,1Vu8EHOlNPBFVBxmKtGHlr,brrrat brrrat
294,Unchained (The Payback / Untouchable),1ZwdS5xdxEREPySFridCfh,2Pac,artist,spotify:artist:1ZwdS5xdxEREPySFridCfh,1zPkAyWzIAePfmbhHetqK7,spotify:track:1zPkAyWzIAePfmbhHetqK7,171573,True,41,1Vu8EHOlNPBFVBxmKtGHlr,brrrat brrrat
295,No Complaints,0iEtIxbK0KxaSlF7G42ZOp,Metro Boomin,artist,spotify:artist:0iEtIxbK0KxaSlF7G42ZOp,6kig1UFggPUyZBCvXD3Wod,spotify:track:6kig1UFggPUyZBCvXD3Wod,261733,True,0,1Vu8EHOlNPBFVBxmKtGHlr,brrrat brrrat
296,No Complaints,4DdkRBBYG6Yk9Ka8tdJ9BW,Offset,artist,spotify:artist:4DdkRBBYG6Yk9Ka8tdJ9BW,6kig1UFggPUyZBCvXD3Wod,spotify:track:6kig1UFggPUyZBCvXD3Wod,261733,True,0,1Vu8EHOlNPBFVBxmKtGHlr,brrrat brrrat
297,No Complaints,3TVXtAsR1Inumwj472S9r4,Drake,artist,spotify:artist:3TVXtAsR1Inumwj472S9r4,6kig1UFggPUyZBCvXD3Wod,spotify:track:6kig1UFggPUyZBCvXD3Wod,261733,True,0,1Vu8EHOlNPBFVBxmKtGHlr,brrrat brrrat
298,Backseat Freestyle,2YZyLoL8N0Wb9xBt1NhZWg,Kendrick Lamar,artist,spotify:artist:2YZyLoL8N0Wb9xBt1NhZWg,3aGibUHhQyBsyumYHylw0K,spotify:track:3aGibUHhQyBsyumYHylw0K,212653,True,68,1Vu8EHOlNPBFVBxmKtGHlr,brrrat brrrat
299,GUMMY,1Bl6wpkWCQ4KVgnASpvzzA,BROCKHAMPTON,artist,spotify:artist:1Bl6wpkWCQ4KVgnASpvzzA,42tBlHWL3VfDkUM2iWcc5p,spotify:track:42tBlHWL3VfDkUM2iWcc5p,261000,True,60,1Vu8EHOlNPBFVBxmKtGHlr,brrrat brrrat
300,Slippery (feat. Gucci Mane),6oMuImdp5ZcFhWP0ESe6mG,Migos,artist,spotify:artist:6oMuImdp5ZcFhWP0ESe6mG,6p8NuHm8uCGnn2Dtbtf7zE,spotify:track:6p8NuHm8uCGnn2Dtbtf7zE,304041,True,72,1Vu8EHOlNPBFVBxmKtGHlr,brrrat brrrat
301,Slippery (feat. Gucci Mane),13y7CgLHjMVRMDqxdx0Xdo,Gucci Mane,artist,spotify:artist:13y7CgLHjMVRMDqxdx0Xdo,6p8NuHm8uCGnn2Dtbtf7zE,spotify:track:6p8NuHm8uCGnn2Dtbtf7zE,304041,True,72,1Vu8EHOlNPBFVBxmKtGHlr,brrrat brrrat
302,Oh My Dis Side (feat. Quavo),0Y5tJX1MQlPlqiwlOH1tJY,Travis Scott,artist,spotify:artist:0Y5tJX1MQlPlqiwlOH1tJY,2rMFawCg4BW65jzbwztXAV,spotify:track:2rMFawCg4BW65jzbwztXAV,351253,True,66,1Vu8EHOlNPBFVBxmKtGHlr,brrrat brrrat
303,Oh My Dis Side (feat. Quavo),0Y5tJX1MQlPlqiwlOH1tJY,Travis Scott,artist,spotify:artist:0Y5tJX1MQlPlqiwlOH1tJY,2rMFawCg4BW65jzbwztXAV,spotify:track:2rMFawCg4BW65jzbwztXAV,351253,True,66,1V9wButKEb5GJDshdKUGeN,werk
304,Oh My Dis Side (feat. Quavo),0VRj0yCOv2FXJNP47XQnx5,Quavo,artist,spotify:artist:0VRj0yCOv2FXJNP47XQnx5,2rMFawCg4BW65jzbwztXAV,spotify:track:2rMFawCg4BW65jzbwztXAV,351253,True,66,1Vu8EHOlNPBFVBxmKtGHlr,brrrat brrrat
305,Oh My Dis Side (feat. Quavo),0VRj0yCOv2FXJNP47XQnx5,Quavo,artist,spotify:artist:0VRj0yCOv2FXJNP47XQnx5,2rMFawCg4BW65jzbwztXAV,spotify:track:2rMFawCg4BW65jzbwztXAV,351253,True,66,1V9wButKEb5GJDshdKUGeN,werk
306,Oh My Dis Side (feat. Quavo),0Y5tJX1MQlPlqiwlOH1tJY,Travis Scott,artist,spotify:artist:0Y5tJX1MQlPlqiwlOH1tJY,2rMFawCg4BW65jzbwztXAV,spotify:track:2rMFawCg4BW65jzbwztXAV,351253,True,66,1Vu8EHOlNPBFVBxmKtGHlr,brrrat brrrat
307,Oh My Dis Side (feat. Quavo),0Y5tJX1MQlPlqiwlOH1tJY,Travis Scott,artist,spotify:artist:0Y5tJX1MQlPlqiwlOH1tJY,2rMFawCg4BW65jzbwztXAV,spotify:track:2rMFawCg4BW65jzbwztXAV,351253,True,66,1V9wButKEb5GJDshdKUGeN,werk
308,Oh My Dis Side (feat. Quavo),0VRj0yCOv2FXJNP47XQnx5,Quavo,artist,spotify:artist:0VRj0yCOv2FXJNP47XQnx5,2rMFawCg4BW65jzbwztXAV,spotify:track:2rMFawCg4BW65jzbwztXAV,351253,True,66,1Vu8EHOlNPBFVBxmKtGHlr,brrrat brrrat
309,Oh My Dis Side (feat. Quavo),0VRj0yCOv2FXJNP47XQnx5,Quavo,artist,spotify:artist:0VRj0yCOv2FXJNP47XQnx5,2rMFawCg4BW65jzbwztXAV,spotify:track:2rMFawCg4BW65jzbwztXAV,351253,True,66,1V9wButKEb5GJDshdKUGeN,werk
310,Ok Alright (feat. ScHoolboy Q),0Y5tJX1MQlPlqiwlOH1tJY,Travis Scott,artist,spotify:artist:0Y5tJX1MQlPlqiwlOH1tJY,0MRZ9nMoLc7qQ8Nhovv8C8,spotify:track:0MRZ9nMoLc7qQ8Nhovv8C8,417693,True,56,1Vu8EHOlNPBFVBxmKtGHlr,brrrat brrrat
311,Ok Alright (feat. ScHoolboy Q),5IcR3N7QB1j6KBL8eImZ8m,ScHoolboy Q,artist,spotify:artist:5IcR3N7QB1j6KBL8eImZ8m,0MRZ9nMoLc7qQ8Nhovv8C8,spotify:track:0MRZ9nMoLc7qQ8Nhovv8C8,417693,True,56,1Vu8EHOlNPBFVBxmKtGHlr,brrrat brrrat
312,The Blanguage,50co4Is1HCEo8bhOyUWKpn,Young Thug,artist,spotify:artist:50co4Is1HCEo8bhOyUWKpn,23z0NFaX0CYXoetju87A4z,spotify:track:23z0NFaX0CYXoetju87A4z,252264,True,38,1Vu8EHOlNPBFVBxmKtGHlr,brrrat brrrat
313,I Get the Bag (feat. Migos),13y7CgLHjMVRMDqxdx0Xdo,Gucci Mane,artist,spotify:artist:13y7CgLHjMVRMDqxdx0Xdo,1XRgIKC5TPwo7nWGyKqgG0,spotify:track:1XRgIKC5TPwo7nWGyKqgG0,233087,True,73,1Vu8EHOlNPBFVBxmKtGHlr,brrrat brrrat
314,I Get the Bag (feat. Migos),6oMuImdp5ZcFhWP0ESe6mG,Migos,artist,spotify:artist:6oMuImdp5ZcFhWP0ESe6mG,1XRgIKC5TPwo7nWGyKqgG0,spotify:track:1XRgIKC5TPwo7nWGyKqgG0,233087,True,73,1Vu8EHOlNPBFVBxmKtGHlr,brrrat brrrat
315,Patek Water (feat. Offset),1RyvyyTE3xzB2ZywiAwp0i,Future,artist,spotify:artist:1RyvyyTE3xzB2ZywiAwp0i,7r6LNJT2LqpLpEyZQJPygt,spotify:track:7r6LNJT2LqpLpEyZQJPygt,189480,True,59,1Vu8EHOlNPBFVBxmKtGHlr,brrrat brrrat
316,Patek Water (feat. Offset),50co4Is1HCEo8bhOyUWKpn,Young Thug,artist,spotify:artist:50co4Is1HCEo8bhOyUWKpn,7r6LNJT2LqpLpEyZQJPygt,spotify:track:7r6LNJT2LqpLpEyZQJPygt,189480,True,59,1Vu8EHOlNPBFVBxmKtGHlr,brrrat brrrat
317,Patek Water (feat. Offset),4DdkRBBYG6Yk9Ka8tdJ9BW,Offset,artist,spotify:artist:4DdkRBBYG6Yk9Ka8tdJ9BW,7r6LNJT2LqpLpEyZQJPygt,spotify:track:7r6LNJT2LqpLpEyZQJPygt,189480,True,59,1Vu8EHOlNPBFVBxmKtGHlr,brrrat brrrat
318,New Freezer (feat. Kendrick Lamar),1pPmIToKXyGdsCF6LmqLmI,Rich The Kid,artist,spotify:artist:1pPmIToKXyGdsCF6LmqLmI,4pYZLpX23Vx8rwDpJCpPTA,spotify:track:4pYZLpX23Vx8rwDpJCpPTA,193173,True,0,1Vu8EHOlNPBFVBxmKtGHlr,brrrat brrrat
319,New Freezer (feat. Kendrick Lamar),2YZyLoL8N0Wb9xBt1NhZWg,Kendrick Lamar,artist,spotify:artist:2YZyLoL8N0Wb9xBt1NhZWg,4pYZLpX23Vx8rwDpJCpPTA,spotify:track:4pYZLpX23Vx8rwDpJCpPTA,193173,True,0,1Vu8EHOlNPBFVBxmKtGHlr,brrrat brrrat
320,Sauce It Up,4O15NlyKLIASxsJ0PrXPfz,Lil Uzi Vert,artist,spotify:artist:4O15NlyKLIASxsJ0PrXPfz,1uL78kFWxhz3umTMWJu8n5,spotify:track:1uL78kFWxhz3umTMWJu8n5,207038,True,70,1Vu8EHOlNPBFVBxmKtGHlr,brrrat brrrat
321,Gilligan,5M0lbkGluOPXLeFjApw8r8,Shelley FKA DRAM,artist,spotify:artist:5M0lbkGluOPXLeFjApw8r8,2frDm1v0SFNyeduw3gO632,spotify:track:2frDm1v0SFNyeduw3gO632,207800,True,44,1Vu8EHOlNPBFVBxmKtGHlr,brrrat brrrat
322,Gilligan,13ubrt8QOOCPljQ2FL1Kca,A$AP Rocky,artist,spotify:artist:13ubrt8QOOCPljQ2FL1Kca,2frDm1v0SFNyeduw3gO632,spotify:track:2frDm1v0SFNyeduw3gO632,207800,True,44,1Vu8EHOlNPBFVBxmKtGHlr,brrrat brrrat
323,Gilligan,5gCRApTajqwbnHHPbr2Fpi,Juicy J,artist,spotify:artist:5gCRApTajqwbnHHPbr2Fpi,2frDm1v0SFNyeduw3gO632,spotify:track:2frDm1v0SFNyeduw3gO632,207800,True,44,1Vu8EHOlNPBFVBxmKtGHlr,brrrat brrrat
324,Watch Me,0xOeVMOz2fVg5BJY3N6akT,Jaden,artist,spotify:artist:0xOeVMOz2fVg5BJY3N6akT,3lz2JgAt4cyr04qDlBgTOv,spotify:track:3lz2JgAt4cyr04qDlBgTOv,154456,True,58,1Vu8EHOlNPBFVBxmKtGHlr,brrrat brrrat
325,Too Hotty,6i392l38cR3uBPF0DbNs7S,Quality Control,artist,spotify:artist:6i392l38cR3uBPF0DbNs7S,6rcKz2VYbcaHJ0qSXucR56,spotify:track:6rcKz2VYbcaHJ0qSXucR56,297377,True,0,1Vu8EHOlNPBFVBxmKtGHlr,brrrat brrrat
326,Too Hotty,6oMuImdp5ZcFhWP0ESe6mG,Migos,artist,spotify:artist:6oMuImdp5ZcFhWP0ESe6mG,6rcKz2VYbcaHJ0qSXucR56,spotify:track:6rcKz2VYbcaHJ0qSXucR56,297377,True,0,1Vu8EHOlNPBFVBxmKtGHlr,brrrat brrrat
327,Too Hotty,7F1l2kTBvOPGd8sF8nBEtv,Eurielle,artist,spotify:artist:7F1l2kTBvOPGd8sF8nBEtv,6rcKz2VYbcaHJ0qSXucR56,spotify:track:6rcKz2VYbcaHJ0qSXucR56,297377,True,0,1Vu8EHOlNPBFVBxmKtGHlr,brrrat brrrat
328,MotorSport,6oMuImdp5ZcFhWP0ESe6mG,Migos,artist,spotify:artist:6oMuImdp5ZcFhWP0ESe6mG,1YZfcVLbbJwfizR5cDOp3q,spotify:track:1YZfcVLbbJwfizR5cDOp3q,307660,True,0,1Vu8EHOlNPBFVBxmKtGHlr,brrrat brrrat
329,MotorSport,0hCNtLu0JehylgoiP8L4Gh,Nicki Minaj,artist,spotify:artist:0hCNtLu0JehylgoiP8L4Gh,1YZfcVLbbJwfizR5cDOp3q,spotify:track:1YZfcVLbbJwfizR5cDOp3q,307660,True,0,1Vu8EHOlNPBFVBxmKtGHlr,brrrat brrrat
330,MotorSport,4kYSro6naA4h99UJvo89HB,Cardi B,artist,spotify:artist:4kYSro6naA4h99UJvo89HB,1YZfcVLbbJwfizR5cDOp3q,spotify:track:1YZfcVLbbJwfizR5cDOp3q,307660,True,0,1Vu8EHOlNPBFVBxmKtGHlr,brrrat brrrat
331,Ghostface Killers,1URnnhqYAYcrqrcwql10ft,21 Savage,artist,spotify:artist:1URnnhqYAYcrqrcwql10ft,5u6vkDnOyaf8LsteDAj2ub,spotify:track:5u6vkDnOyaf8LsteDAj2ub,268933,True,71,1Vu8EHOlNPBFVBxmKtGHlr,brrrat brrrat
332,Ghostface Killers,4DdkRBBYG6Yk9Ka8tdJ9BW,Offset,artist,spotify:artist:4DdkRBBYG6Yk9Ka8tdJ9BW,5u6vkDnOyaf8LsteDAj2ub,spotify:track:5u6vkDnOyaf8LsteDAj2ub,268933,True,71,1Vu8EHOlNPBFVBxmKtGHlr,brrrat brrrat
333,Ghostface Killers,0iEtIxbK0KxaSlF7G42ZOp,Metro Boomin,artist,spotify:artist:0iEtIxbK0KxaSlF7G42ZOp,5u6vkDnOyaf8LsteDAj2ub,spotify:track:5u6vkDnOyaf8LsteDAj2ub,268933,True,71,1Vu8EHOlNPBFVBxmKtGHlr,brrrat brrrat
334,Ghostface Killers,0Y5tJX1MQlPlqiwlOH1tJY,Travis Scott,artist,spotify:artist:0Y5tJX1MQlPlqiwlOH1tJY,5u6vkDnOyaf8LsteDAj2ub,spotify:track:5u6vkDnOyaf8LsteDAj2ub,268933,True,71,1Vu8EHOlNPBFVBxmKtGHlr,brrrat brrrat
335,Transportin',46SHBwWsqBkxI7EeeBEQG7,Kodak Black,artist,spotify:artist:46SHBwWsqBkxI7EeeBEQG7,1WIZiOuNO3woKfdlSK2gNn,spotify:track:1WIZiOuNO3woKfdlSK2gNn,169344,True,72,1Vu8EHOlNPBFVBxmKtGHlr,brrrat brrrat
336,Stir Fry,6oMuImdp5ZcFhWP0ESe6mG,Migos,artist,spotify:artist:6oMuImdp5ZcFhWP0ESe6mG,4fndbjoz1qJyK6JcLdKfzm,spotify:track:4fndbjoz1qJyK6JcLdKfzm,192131,True,0,1Vu8EHOlNPBFVBxmKtGHlr,brrrat brrrat
337,Ric Flair Drip (& Metro Boomin),4DdkRBBYG6Yk9Ka8tdJ9BW,Offset,artist,spotify:artist:4DdkRBBYG6Yk9Ka8tdJ9BW,7sO5G9EABYOXQKNPNiE9NR,spotify:track:7sO5G9EABYOXQKNPNiE9NR,172800,True,82,1Vu8EHOlNPBFVBxmKtGHlr,brrrat brrrat
338,Ric Flair Drip (& Metro Boomin),0iEtIxbK0KxaSlF7G42ZOp,Metro Boomin,artist,spotify:artist:0iEtIxbK0KxaSlF7G42ZOp,7sO5G9EABYOXQKNPNiE9NR,spotify:track:7sO5G9EABYOXQKNPNiE9NR,172800,True,82,1Vu8EHOlNPBFVBxmKtGHlr,brrrat brrrat
339,Look Alive (feat. Drake),4TEJudQY2pXxVHPE3gD2EU,BlocBoy JB,artist,spotify:artist:4TEJudQY2pXxVHPE3gD2EU,4qKcDkK6siZ7Jp1Jb4m0aL,spotify:track:4qKcDkK6siZ7Jp1Jb4m0aL,181263,True,77,1Vu8EHOlNPBFVBxmKtGHlr,brrrat brrrat
340,Look Alive (feat. Drake),3TVXtAsR1Inumwj472S9r4,Drake,artist,spotify:artist:3TVXtAsR1Inumwj472S9r4,4qKcDkK6siZ7Jp1Jb4m0aL,spotify:track:4qKcDkK6siZ7Jp1Jb4m0aL,181263,True,77,1Vu8EHOlNPBFVBxmKtGHlr,brrrat brrrat
341,BBO (Bad Bitches Only),6oMuImdp5ZcFhWP0ESe6mG,Migos,artist,spotify:artist:6oMuImdp5ZcFhWP0ESe6mG,4BHzHISX21PYwGXiBEUQ70,spotify:track:4BHzHISX21PYwGXiBEUQ70,251858,True,62,1Vu8EHOlNPBFVBxmKtGHlr,brrrat brrrat
342,BBO (Bad Bitches Only),1URnnhqYAYcrqrcwql10ft,21 Savage,artist,spotify:artist:1URnnhqYAYcrqrcwql10ft,4BHzHISX21PYwGXiBEUQ70,spotify:track:4BHzHISX21PYwGXiBEUQ70,251858,True,62,1Vu8EHOlNPBFVBxmKtGHlr,brrrat brrrat
343,Auto Pilot,6oMuImdp5ZcFhWP0ESe6mG,Migos,artist,spotify:artist:6oMuImdp5ZcFhWP0ESe6mG,4Kw3CztmD15X1QGDnnHmLD,spotify:track:4Kw3CztmD15X1QGDnnHmLD,287992,True,49,1Vu8EHOlNPBFVBxmKtGHlr,brrrat brrrat
344,Emoji A Chain,6oMuImdp5ZcFhWP0ESe6mG,Migos,artist,spotify:artist:6oMuImdp5ZcFhWP0ESe6mG,0G9rmRmQDFk9O2tzZLyRkc,spotify:track:0G9rmRmQDFk9O2tzZLyRkc,315185,True,51,1Vu8EHOlNPBFVBxmKtGHlr,brrrat brrrat
345,"Frat Rules (feat. A$AP Rocky, Playboi Carti & Big Sean)",7yO4IdJjCEPz7YgZMe25iS,A$AP Mob,artist,spotify:artist:7yO4IdJjCEPz7YgZMe25iS,0RyA3o15NOLJYtm9NlDu5c,spotify:track:0RyA3o15NOLJYtm9NlDu5c,218946,True,63,1Vu8EHOlNPBFVBxmKtGHlr,brrrat brrrat
346,"Frat Rules (feat. A$AP Rocky, Playboi Carti & Big Sean)",13ubrt8QOOCPljQ2FL1Kca,A$AP Rocky,artist,spotify:artist:13ubrt8QOOCPljQ2FL1Kca,0RyA3o15NOLJYtm9NlDu5c,spotify:track:0RyA3o15NOLJYtm9NlDu5c,218946,True,63,1Vu8EHOlNPBFVBxmKtGHlr,brrrat brrrat
347,"Frat Rules (feat. A$AP Rocky, Playboi Carti & Big Sean)",699OTQXzgjhIYAHMy9RyPD,Playboi Carti,artist,spotify:artist:699OTQXzgjhIYAHMy9RyPD,0RyA3o15NOLJYtm9NlDu5c,spotify:track:0RyA3o15NOLJYtm9NlDu5c,218946,True,63,1Vu8EHOlNPBFVBxmKtGHlr,brrrat brrrat
348,"Frat Rules (feat. A$AP Rocky, Playboi Carti & Big Sean)",0c173mlxpT3dSFRgMO8XPh,Big Sean,artist,spotify:artist:0c173mlxpT3dSFRgMO8XPh,0RyA3o15NOLJYtm9NlDu5c,spotify:track:0RyA3o15NOLJYtm9NlDu5c,218946,True,63,1Vu8EHOlNPBFVBxmKtGHlr,brrrat brrrat
349,Pray For Me (with Kendrick Lamar),1Xyo4u8uXC1ZmMpatF05PJ,The Weeknd,artist,spotify:artist:1Xyo4u8uXC1ZmMpatF05PJ,77UjLW8j5UAGAGVGhR5oUK,spotify:track:77UjLW8j5UAGAGVGhR5oUK,211440,True,72,1Vu8EHOlNPBFVBxmKtGHlr,brrrat brrrat
350,Pray For Me (with Kendrick Lamar),2YZyLoL8N0Wb9xBt1NhZWg,Kendrick Lamar,artist,spotify:artist:2YZyLoL8N0Wb9xBt1NhZWg,77UjLW8j5UAGAGVGhR5oUK,spotify:track:77UjLW8j5UAGAGVGhR5oUK,211440,True,72,1Vu8EHOlNPBFVBxmKtGHlr,brrrat brrrat
351,X (with 2 Chainz & Saudi),5IcR3N7QB1j6KBL8eImZ8m,ScHoolboy Q,artist,spotify:artist:5IcR3N7QB1j6KBL8eImZ8m,4LmAnpjlhWTahvRkYR8xJa,spotify:track:4LmAnpjlhWTahvRkYR8xJa,267426,True,69,1Vu8EHOlNPBFVBxmKtGHlr,brrrat brrrat
352,X (with 2 Chainz & Saudi),17lzZA2AlOHwCwFALHttmp,2 Chainz,artist,spotify:artist:17lzZA2AlOHwCwFALHttmp,4LmAnpjlhWTahvRkYR8xJa,spotify:track:4LmAnpjlhWTahvRkYR8xJa,267426,True,69,1Vu8EHOlNPBFVBxmKtGHlr,brrrat brrrat
353,X (with 2 Chainz & Saudi),37Qsf5KCKljH7mL134xp4k,Saudi,artist,spotify:artist:37Qsf5KCKljH7mL134xp4k,4LmAnpjlhWTahvRkYR8xJa,spotify:track:4LmAnpjlhWTahvRkYR8xJa,267426,True,69,1Vu8EHOlNPBFVBxmKtGHlr,brrrat brrrat
354,"King's Dead (with Kendrick Lamar, Future & James Blake)",28ExwzUQsvgJooOI0X1mr3,Jay Rock,artist,spotify:artist:28ExwzUQsvgJooOI0X1mr3,1eLSF6HfrRA0AsNmTkUlKx,spotify:track:1eLSF6HfrRA0AsNmTkUlKx,225266,True,66,1Vu8EHOlNPBFVBxmKtGHlr,brrrat brrrat
355,"King's Dead (with Kendrick Lamar, Future & James Blake)",2YZyLoL8N0Wb9xBt1NhZWg,Kendrick Lamar,artist,spotify:artist:2YZyLoL8N0Wb9xBt1NhZWg,1eLSF6HfrRA0AsNmTkUlKx,spotify:track:1eLSF6HfrRA0AsNmTkUlKx,225266,True,66,1Vu8EHOlNPBFVBxmKtGHlr,brrrat brrrat
356,"King's Dead (with Kendrick Lamar, Future & James Blake)",1RyvyyTE3xzB2ZywiAwp0i,Future,artist,spotify:artist:1RyvyyTE3xzB2ZywiAwp0i,1eLSF6HfrRA0AsNmTkUlKx,spotify:track:1eLSF6HfrRA0AsNmTkUlKx,225266,True,66,1Vu8EHOlNPBFVBxmKtGHlr,brrrat brrrat
357,"King's Dead (with Kendrick Lamar, Future & James Blake)",53KwLdlmrlCelAZMaLVZqU,James Blake,artist,spotify:artist:53KwLdlmrlCelAZMaLVZqU,1eLSF6HfrRA0AsNmTkUlKx,spotify:track:1eLSF6HfrRA0AsNmTkUlKx,225266,True,66,1Vu8EHOlNPBFVBxmKtGHlr,brrrat brrrat
358,Opps (with Yugen Blakrok),68kEuyFKyqrdQQLLsmiatm,Vince Staples,artist,spotify:artist:68kEuyFKyqrdQQLLsmiatm,7bUcBztfGqO7cSI2gMZeCI,spotify:track:7bUcBztfGqO7cSI2gMZeCI,180893,True,59,1Vu8EHOlNPBFVBxmKtGHlr,brrrat brrrat
359,Opps (with Yugen Blakrok),3kv1Edgn5HlEWCuEKr1Y9x,Yugen Blakrok,artist,spotify:artist:3kv1Edgn5HlEWCuEKr1Y9x,7bUcBztfGqO7cSI2gMZeCI,spotify:track:7bUcBztfGqO7cSI2gMZeCI,180893,True,59,1Vu8EHOlNPBFVBxmKtGHlr,brrrat brrrat
360,44 More,4xRYI6VqpkE3UwrDrAZL8L,Logic,artist,spotify:artist:4xRYI6VqpkE3UwrDrAZL8L,6iyp6udVpLuq3MCUulZT4h,spotify:track:6iyp6udVpLuq3MCUulZT4h,188613,True,0,1Vu8EHOlNPBFVBxmKtGHlr,brrrat brrrat
361,Achoo,6f9bmfkqiYbhCtdAZsv7KI,Keith Ape,artist,spotify:artist:6f9bmfkqiYbhCtdAZsv7KI,2huH9q26JmfR0BzV4xKzny,spotify:track:2huH9q26JmfR0BzV4xKzny,244000,True,0,1Vu8EHOlNPBFVBxmKtGHlr,brrrat brrrat
362,Achoo,2rhFzFmezpnW82MNqEKVry,Ski Mask The Slump God,artist,spotify:artist:2rhFzFmezpnW82MNqEKVry,2huH9q26JmfR0BzV4xKzny,spotify:track:2huH9q26JmfR0BzV4xKzny,244000,True,0,1Vu8EHOlNPBFVBxmKtGHlr,brrrat brrrat
363,Yuck,4xRYI6VqpkE3UwrDrAZL8L,Logic,artist,spotify:artist:4xRYI6VqpkE3UwrDrAZL8L,0D5CXSUx8GOCHSY8KWgi9h,spotify:track:0D5CXSUx8GOCHSY8KWgi9h,173693,True,55,1Vu8EHOlNPBFVBxmKtGHlr,brrrat brrrat
364,The London (feat. J. Cole & Travis Scott),50co4Is1HCEo8bhOyUWKpn,Young Thug,artist,spotify:artist:50co4Is1HCEo8bhOyUWKpn,3s4mrPrEFFPF0LmAfutW0n,spotify:track:3s4mrPrEFFPF0LmAfutW0n,200186,True,74,1V9wButKEb5GJDshdKUGeN,werk
365,The London (feat. J. Cole & Travis Scott),6l3HvQ5sa6mXTsMTB19rO5,J. Cole,artist,spotify:artist:6l3HvQ5sa6mXTsMTB19rO5,3s4mrPrEFFPF0LmAfutW0n,spotify:track:3s4mrPrEFFPF0LmAfutW0n,200186,True,74,1V9wButKEb5GJDshdKUGeN,werk
366,The London (feat. J. Cole & Travis Scott),0Y5tJX1MQlPlqiwlOH1tJY,Travis Scott,artist,spotify:artist:0Y5tJX1MQlPlqiwlOH1tJY,3s4mrPrEFFPF0LmAfutW0n,spotify:track:3s4mrPrEFFPF0LmAfutW0n,200186,True,74,1V9wButKEb5GJDshdKUGeN,werk
367,Ecstasy (feat. Machine Gun Kelly),50co4Is1HCEo8bhOyUWKpn,Young Thug,artist,spotify:artist:50co4Is1HCEo8bhOyUWKpn,1yBbxDXEfr8boXM1ubvBHi,spotify:track:1yBbxDXEfr8boXM1ubvBHi,178240,True,58,1V9wButKEb5GJDshdKUGeN,werk
368,Ecstasy (feat. Machine Gun Kelly),6TIYQ3jFPwQSRmorSezPxX,Machine Gun Kelly,artist,spotify:artist:6TIYQ3jFPwQSRmorSezPxX,1yBbxDXEfr8boXM1ubvBHi,spotify:track:1yBbxDXEfr8boXM1ubvBHi,178240,True,58,1V9wButKEb5GJDshdKUGeN,werk
369,Circle Of Bosses (feat. Quavo),50co4Is1HCEo8bhOyUWKpn,Young Thug,artist,spotify:artist:50co4Is1HCEo8bhOyUWKpn,5UmRDaMPkV6g2HVMWoKx8u,spotify:track:5UmRDaMPkV6g2HVMWoKx8u,179466,True,53,1V9wButKEb5GJDshdKUGeN,werk
370,Circle Of Bosses (feat. Quavo),0VRj0yCOv2FXJNP47XQnx5,Quavo,artist,spotify:artist:0VRj0yCOv2FXJNP47XQnx5,5UmRDaMPkV6g2HVMWoKx8u,spotify:track:5UmRDaMPkV6g2HVMWoKx8u,179466,True,53,1V9wButKEb5GJDshdKUGeN,werk
371,"Guwop (feat. Quavo, Offset and Young Scooter)",50co4Is1HCEo8bhOyUWKpn,Young Thug,artist,spotify:artist:50co4Is1HCEo8bhOyUWKpn,1BSA5I386L2IAmFQURYjIz,spotify:track:1BSA5I386L2IAmFQURYjIz,315973,True,59,1V9wButKEb5GJDshdKUGeN,werk
372,"Guwop (feat. Quavo, Offset and Young Scooter)",0VRj0yCOv2FXJNP47XQnx5,Quavo,artist,spotify:artist:0VRj0yCOv2FXJNP47XQnx5,1BSA5I386L2IAmFQURYjIz,spotify:track:1BSA5I386L2IAmFQURYjIz,315973,True,59,1V9wButKEb5GJDshdKUGeN,werk
373,"Guwop (feat. Quavo, Offset and Young Scooter)",4DdkRBBYG6Yk9Ka8tdJ9BW,Offset,artist,spotify:artist:4DdkRBBYG6Yk9Ka8tdJ9BW,1BSA5I386L2IAmFQURYjIz,spotify:track:1BSA5I386L2IAmFQURYjIz,315973,True,59,1V9wButKEb5GJDshdKUGeN,werk
374,"Guwop (feat. Quavo, Offset and Young Scooter)",4cmA2QDPdzh8W2ytpyUGes,Young Scooter,artist,spotify:artist:4cmA2QDPdzh8W2ytpyUGes,1BSA5I386L2IAmFQURYjIz,spotify:track:1BSA5I386L2IAmFQURYjIz,315973,True,59,1V9wButKEb5GJDshdKUGeN,werk
375,Pick Up The Phone (feat. Quavo),50co4Is1HCEo8bhOyUWKpn,Young Thug,artist,spotify:artist:50co4Is1HCEo8bhOyUWKpn,5NAMZI9lVhxNa6AZp3iQVH,spotify:track:5NAMZI9lVhxNa6AZp3iQVH,252262,True,0,1V9wButKEb5GJDshdKUGeN,werk
376,Pick Up The Phone (feat. Quavo),0Y5tJX1MQlPlqiwlOH1tJY,Travis Scott,artist,spotify:artist:0Y5tJX1MQlPlqiwlOH1tJY,5NAMZI9lVhxNa6AZp3iQVH,spotify:track:5NAMZI9lVhxNa6AZp3iQVH,252262,True,0,1V9wButKEb5GJDshdKUGeN,werk
377,Pick Up The Phone (feat. Quavo),0VRj0yCOv2FXJNP47XQnx5,Quavo,artist,spotify:artist:0VRj0yCOv2FXJNP47XQnx5,5NAMZI9lVhxNa6AZp3iQVH,spotify:track:5NAMZI9lVhxNa6AZp3iQVH,252262,True,0,1V9wButKEb5GJDshdKUGeN,werk
378,Walk It Talk It,6oMuImdp5ZcFhWP0ESe6mG,Migos,artist,spotify:artist:6oMuImdp5ZcFhWP0ESe6mG,6n4U3TlzUGhdSFbUUhTvLP,spotify:track:6n4U3TlzUGhdSFbUUhTvLP,276147,True,76,1V9wButKEb5GJDshdKUGeN,werk
379,Walk It Talk It,3TVXtAsR1Inumwj472S9r4,Drake,artist,spotify:artist:3TVXtAsR1Inumwj472S9r4,6n4U3TlzUGhdSFbUUhTvLP,spotify:track:6n4U3TlzUGhdSFbUUhTvLP,276147,True,76,1V9wButKEb5GJDshdKUGeN,werk
380,Kelly Price (feat. Travis Scott),6oMuImdp5ZcFhWP0ESe6mG,Migos,artist,spotify:artist:6oMuImdp5ZcFhWP0ESe6mG,204U3zjm9kkzX25Pr4Rdld,spotify:track:204U3zjm9kkzX25Pr4Rdld,363934,True,65,1V9wButKEb5GJDshdKUGeN,werk
381,Kelly Price (feat. Travis Scott),0Y5tJX1MQlPlqiwlOH1tJY,Travis Scott,artist,spotify:artist:0Y5tJX1MQlPlqiwlOH1tJY,204U3zjm9kkzX25Pr4Rdld,spotify:track:204U3zjm9kkzX25Pr4Rdld,363934,True,65,1V9wButKEb5GJDshdKUGeN,werk
382,Red Bentley (feat. Young Thug),1RyvyyTE3xzB2ZywiAwp0i,Future,artist,spotify:artist:1RyvyyTE3xzB2ZywiAwp0i,3fFBZvG777xoKyvcrBq7lc,spotify:track:3fFBZvG777xoKyvcrBq7lc,207866,True,61,1V9wButKEb5GJDshdKUGeN,werk
383,Red Bentley (feat. Young Thug),4MCBfE4596Uoi2O4DtmEMz,Juice WRLD,artist,spotify:artist:4MCBfE4596Uoi2O4DtmEMz,3fFBZvG777xoKyvcrBq7lc,spotify:track:3fFBZvG777xoKyvcrBq7lc,207866,True,61,1V9wButKEb5GJDshdKUGeN,werk
384,Red Bentley (feat. Young Thug),50co4Is1HCEo8bhOyUWKpn,Young Thug,artist,spotify:artist:50co4Is1HCEo8bhOyUWKpn,3fFBZvG777xoKyvcrBq7lc,spotify:track:3fFBZvG777xoKyvcrBq7lc,207866,True,61,1V9wButKEb5GJDshdKUGeN,werk
385,Wyclef Jean,50co4Is1HCEo8bhOyUWKpn,Young Thug,artist,spotify:artist:50co4Is1HCEo8bhOyUWKpn,55OdqrG8WLmsYyY1jijD9b,spotify:track:55OdqrG8WLmsYyY1jijD9b,236293,True,65,1V9wButKEb5GJDshdKUGeN,werk
386,Future Swag,50co4Is1HCEo8bhOyUWKpn,Young Thug,artist,spotify:artist:50co4Is1HCEo8bhOyUWKpn,1ckxFDBKrcepE6pDmayXzP,spotify:track:1ckxFDBKrcepE6pDmayXzP,165866,True,47,1V9wButKEb5GJDshdKUGeN,werk
387,Unbothered,2rhFzFmezpnW82MNqEKVry,Ski Mask The Slump God,artist,spotify:artist:2rhFzFmezpnW82MNqEKVry,5hwUsRKvnO5yThjVrxHQVt,spotify:track:5hwUsRKvnO5yThjVrxHQVt,138426,True,74,1V9wButKEb5GJDshdKUGeN,werk
388,Bad Bad Bad (feat. Lil Baby),50co4Is1HCEo8bhOyUWKpn,Young Thug,artist,spotify:artist:50co4Is1HCEo8bhOyUWKpn,1GeNui6m825V8jP4uKiIaH,spotify:track:1GeNui6m825V8jP4uKiIaH,149040,True,72,1V9wButKEb5GJDshdKUGeN,werk
389,Bad Bad Bad (feat. Lil Baby),5f7VJjfbwm532GiveGC0ZK,Lil Baby,artist,spotify:artist:5f7VJjfbwm532GiveGC0ZK,1GeNui6m825V8jP4uKiIaH,spotify:track:1GeNui6m825V8jP4uKiIaH,149040,True,72,1V9wButKEb5GJDshdKUGeN,werk
390,Beef,7e7nmtA3OQEUdVjn5rG3Tz,Ethereal,artist,spotify:artist:7e7nmtA3OQEUdVjn5rG3Tz,2ctl2YVjBnxDO3OMf1Haay,spotify:track:2ctl2YVjBnxDO3OMf1Haay,213333,False,61,1V9wButKEb5GJDshdKUGeN,werk
391,Beef,699OTQXzgjhIYAHMy9RyPD,Playboi Carti,artist,spotify:artist:699OTQXzgjhIYAHMy9RyPD,2ctl2YVjBnxDO3OMf1Haay,spotify:track:2ctl2YVjBnxDO3OMf1Haay,213333,False,61,1V9wButKEb5GJDshdKUGeN,werk
392,R.I.P. Fredo (feat. Young Nudy) - Notice Me,699OTQXzgjhIYAHMy9RyPD,Playboi Carti,artist,spotify:artist:699OTQXzgjhIYAHMy9RyPD,45Ln3F9PRPYTXBcMFkZMzS,spotify:track:45Ln3F9PRPYTXBcMFkZMzS,161200,True,60,1V9wButKEb5GJDshdKUGeN,werk
393,R.I.P. Fredo (feat. Young Nudy) - Notice Me,5yPzzu25VzEk8qrGTLIrE1,Young Nudy,artist,spotify:artist:5yPzzu25VzEk8qrGTLIrE1,45Ln3F9PRPYTXBcMFkZMzS,spotify:track:45Ln3F9PRPYTXBcMFkZMzS,161200,True,60,1V9wButKEb5GJDshdKUGeN,werk
394,Shoota (feat. Lil Uzi Vert),699OTQXzgjhIYAHMy9RyPD,Playboi Carti,artist,spotify:artist:699OTQXzgjhIYAHMy9RyPD,2BJSMvOGABRxokHKB0OI8i,spotify:track:2BJSMvOGABRxokHKB0OI8i,153800,True,78,1V9wButKEb5GJDshdKUGeN,werk
395,Shoota (feat. Lil Uzi Vert),4O15NlyKLIASxsJ0PrXPfz,Lil Uzi Vert,artist,spotify:artist:4O15NlyKLIASxsJ0PrXPfz,2BJSMvOGABRxokHKB0OI8i,spotify:track:2BJSMvOGABRxokHKB0OI8i,153800,True,78,1V9wButKEb5GJDshdKUGeN,werk
396,HIGHEST IN THE ROOM (feat. ROSALÍA & Lil Baby) - REMIX,0Y5tJX1MQlPlqiwlOH1tJY,Travis Scott,artist,spotify:artist:0Y5tJX1MQlPlqiwlOH1tJY,7h0d2h0fUmzbs7zeFigJPn,spotify:track:7h0d2h0fUmzbs7zeFigJPn,244873,True,72,1V9wButKEb5GJDshdKUGeN,werk
397,HIGHEST IN THE ROOM (feat. ROSALÍA & Lil Baby) - REMIX,7ltDVBr6mKbRvohxheJ9h1,ROSALÍA,artist,spotify:artist:7ltDVBr6mKbRvohxheJ9h1,7h0d2h0fUmzbs7zeFigJPn,spotify:track:7h0d2h0fUmzbs7zeFigJPn,244873,True,72,1V9wButKEb5GJDshdKUGeN,werk
398,HIGHEST IN THE ROOM (feat. ROSALÍA & Lil Baby) - REMIX,5f7VJjfbwm532GiveGC0ZK,Lil Baby,artist,spotify:artist:5f7VJjfbwm532GiveGC0ZK,7h0d2h0fUmzbs7zeFigJPn,spotify:track:7h0d2h0fUmzbs7zeFigJPn,244873,True,72,1V9wButKEb5GJDshdKUGeN,werk
399,Live Off My Closet (feat. Future),5f7VJjfbwm532GiveGC0ZK,Lil Baby,artist,spotify:artist:5f7VJjfbwm532GiveGC0ZK,6AyWdCtEn1DdxjnxPeojR2,spotify:track:6AyWdCtEn1DdxjnxPeojR2,173061,True,63,1V9wButKEb5GJDshdKUGeN,werk
400,Live Off My Closet (feat. Future),1RyvyyTE3xzB2ZywiAwp0i,Future,artist,spotify:artist:1RyvyyTE3xzB2ZywiAwp0i,6AyWdCtEn1DdxjnxPeojR2,spotify:track:6AyWdCtEn1DdxjnxPeojR2,173061,True,63,1V9wButKEb5GJDshdKUGeN,werk
401,OUT WEST (feat. Young Thug),7A8S43ryYdbWpJKeHRZRcq,JACKBOYS,artist,spotify:artist:7A8S43ryYdbWpJKeHRZRcq,6gi6y1xwmVszDWkUqab1qw,spotify:track:6gi6y1xwmVszDWkUqab1qw,157712,True,82,1V9wButKEb5GJDshdKUGeN,werk
402,OUT WEST (feat. Young Thug),0Y5tJX1MQlPlqiwlOH1tJY,Travis Scott,artist,spotify:artist:0Y5tJX1MQlPlqiwlOH1tJY,6gi6y1xwmVszDWkUqab1qw,spotify:track:6gi6y1xwmVszDWkUqab1qw,157712,True,82,1V9wButKEb5GJDshdKUGeN,werk
403,OUT WEST (feat. Young Thug),50co4Is1HCEo8bhOyUWKpn,Young Thug,artist,spotify:artist:50co4Is1HCEo8bhOyUWKpn,6gi6y1xwmVszDWkUqab1qw,spotify:track:6gi6y1xwmVszDWkUqab1qw,157712,True,82,1V9wButKEb5GJDshdKUGeN,werk
404,3 Headed Snake (feat. Young Thug),2hlmm7s2ICUX0LVIhVFlZQ,Gunna,artist,spotify:artist:2hlmm7s2ICUX0LVIhVFlZQ,2OaKHGvIxoOzIYjyMsxcT8,spotify:track:2OaKHGvIxoOzIYjyMsxcT8,241995,True,61,1V9wButKEb5GJDshdKUGeN,werk
405,3 Headed Snake (feat. Young Thug),50co4Is1HCEo8bhOyUWKpn,Young Thug,artist,spotify:artist:50co4Is1HCEo8bhOyUWKpn,2OaKHGvIxoOzIYjyMsxcT8,spotify:track:2OaKHGvIxoOzIYjyMsxcT8,241995,True,61,1V9wButKEb5GJDshdKUGeN,werk
406,Halftime,50co4Is1HCEo8bhOyUWKpn,Young Thug,artist,spotify:artist:50co4Is1HCEo8bhOyUWKpn,4BP0An7SXctTY4kF41JxIQ,spotify:track:4BP0An7SXctTY4kF41JxIQ,226733,True,56,1V9wButKEb5GJDshdKUGeN,werk
407,24 (feat. Lil Baby),3Rx4PJ7SP6unkOk5elPUK7,Money Man,artist,spotify:artist:3Rx4PJ7SP6unkOk5elPUK7,7v96VvFLS0wSYT8kewNLRy,spotify:track:7v96VvFLS0wSYT8kewNLRy,182857,True,76,1V9wButKEb5GJDshdKUGeN,werk
408,24 (feat. Lil Baby),5f7VJjfbwm532GiveGC0ZK,Lil Baby,artist,spotify:artist:5f7VJjfbwm532GiveGC0ZK,7v96VvFLS0wSYT8kewNLRy,spotify:track:7v96VvFLS0wSYT8kewNLRy,182857,True,76,1V9wButKEb5GJDshdKUGeN,werk
409,With That (feat. Duke),50co4Is1HCEo8bhOyUWKpn,Young Thug,artist,spotify:artist:50co4Is1HCEo8bhOyUWKpn,6o4nVtywF4F75RkOcDxrtd,spotify:track:6o4nVtywF4F75RkOcDxrtd,202533,True,59,1V9wButKEb5GJDshdKUGeN,werk
410,With That (feat. Duke),5G0rFFvPHNS5lZ7abaxNXT,Duke,artist,spotify:artist:5G0rFFvPHNS5lZ7abaxNXT,6o4nVtywF4F75RkOcDxrtd,spotify:track:6o4nVtywF4F75RkOcDxrtd,202533,True,59,1V9wButKEb5GJDshdKUGeN,werk
411,Flava,5lHRUCqkQZCIWeX7xG4sYT,Rich Homie Quan,artist,spotify:artist:5lHRUCqkQZCIWeX7xG4sYT,49MkHdUftJsF4oqUNWED1M,spotify:track:49MkHdUftJsF4oqUNWED1M,350563,True,30,1V9wButKEb5GJDshdKUGeN,werk
412,Who You Foolin,2hlmm7s2ICUX0LVIhVFlZQ,Gunna,artist,spotify:artist:2hlmm7s2ICUX0LVIhVFlZQ,7KVPsVMOK3NL7subwJ0dZj,spotify:track:7KVPsVMOK3NL7subwJ0dZj,151539,True,71,1V9wButKEb5GJDshdKUGeN,werk
413,Best Friend,50co4Is1HCEo8bhOyUWKpn,Young Thug,artist,spotify:artist:50co4Is1HCEo8bhOyUWKpn,33JcUj9qQDayKswunZP9ar,spotify:track:33JcUj9qQDayKswunZP9ar,213000,True,63,1V9wButKEb5GJDshdKUGeN,werk
414,Memo,50co4Is1HCEo8bhOyUWKpn,Young Thug,artist,spotify:artist:50co4Is1HCEo8bhOyUWKpn,7tk5tOCj84jine8kKJkPYs,spotify:track:7tk5tOCj84jine8kKJkPYs,195413,True,55,1V9wButKEb5GJDshdKUGeN,werk
415,High Top Versace (feat. Young Thug),17lzZA2AlOHwCwFALHttmp,2 Chainz,artist,spotify:artist:17lzZA2AlOHwCwFALHttmp,40wyhIkaVvuZUAbAiTOkHI,spotify:track:40wyhIkaVvuZUAbAiTOkHI,176920,True,46,1V9wButKEb5GJDshdKUGeN,werk
416,High Top Versace (feat. Young Thug),50co4Is1HCEo8bhOyUWKpn,Young Thug,artist,spotify:artist:50co4Is1HCEo8bhOyUWKpn,40wyhIkaVvuZUAbAiTOkHI,spotify:track:40wyhIkaVvuZUAbAiTOkHI,176920,True,46,1V9wButKEb5GJDshdKUGeN,werk
417,ORANGE SODA,5SXuuuRpukkTvsLuUknva1,Baby Keem,artist,spotify:artist:5SXuuuRpukkTvsLuUknva1,5FkoSXiJPKTNyYgALRJFhD,spotify:track:5FkoSXiJPKTNyYgALRJFhD,129882,True,78,1V9wButKEb5GJDshdKUGeN,werk
418,FRANCHISE (feat. Young Thug & M.I.A.),0Y5tJX1MQlPlqiwlOH1tJY,Travis Scott,artist,spotify:artist:0Y5tJX1MQlPlqiwlOH1tJY,4jVBIpuOiMj1crqd8LoCrJ,spotify:track:4jVBIpuOiMj1crqd8LoCrJ,202794,True,79,1V9wButKEb5GJDshdKUGeN,werk
419,FRANCHISE (feat. Young Thug & M.I.A.),50co4Is1HCEo8bhOyUWKpn,Young Thug,artist,spotify:artist:50co4Is1HCEo8bhOyUWKpn,4jVBIpuOiMj1crqd8LoCrJ,spotify:track:4jVBIpuOiMj1crqd8LoCrJ,202794,True,79,1V9wButKEb5GJDshdKUGeN,werk
420,FRANCHISE (feat. Young Thug & M.I.A.),0QJIPDAEDILuo8AIq3pMuU,M.I.A.,artist,spotify:artist:0QJIPDAEDILuo8AIq3pMuU,4jVBIpuOiMj1crqd8LoCrJ,spotify:track:4jVBIpuOiMj1crqd8LoCrJ,202794,True,79,1V9wButKEb5GJDshdKUGeN,werk
421,Money Longer,4O15NlyKLIASxsJ0PrXPfz,Lil Uzi Vert,artist,spotify:artist:4O15NlyKLIASxsJ0PrXPfz,0B8QzDH7YWih85V5SEMnyJ,spotify:track:0B8QzDH7YWih85V5SEMnyJ,198944,True,76,1V9wButKEb5GJDshdKUGeN,werk
422,Repercussions (with Young Thug),7rkW85dBwwrJtlHRDkJDAC,NAV,artist,spotify:artist:7rkW85dBwwrJtlHRDkJDAC,0YFwNNWeRQhOi6p17jTCzp,spotify:track:0YFwNNWeRQhOi6p17jTCzp,159003,True,58,1V9wButKEb5GJDshdKUGeN,werk
423,Repercussions (with Young Thug),50co4Is1HCEo8bhOyUWKpn,Young Thug,artist,spotify:artist:50co4Is1HCEo8bhOyUWKpn,0YFwNNWeRQhOi6p17jTCzp,spotify:track:0YFwNNWeRQhOi6p17jTCzp,159003,True,58,1V9wButKEb5GJDshdKUGeN,werk
424,A-Team,0Y5tJX1MQlPlqiwlOH1tJY,Travis Scott,artist,spotify:artist:0Y5tJX1MQlPlqiwlOH1tJY,5cgEadiGKjtTP1Q6NJqVP5,spotify:track:5cgEadiGKjtTP1Q6NJqVP5,176640,True,63,1V9wButKEb5GJDshdKUGeN,werk
425,DOLLAZ ON MY HEAD (feat. Young Thug),2hlmm7s2ICUX0LVIhVFlZQ,Gunna,artist,spotify:artist:2hlmm7s2ICUX0LVIhVFlZQ,3nS9a01VvXHQriLqJYwRqG,spotify:track:3nS9a01VvXHQriLqJYwRqG,197760,True,80,1V9wButKEb5GJDshdKUGeN,werk
426,DOLLAZ ON MY HEAD (feat. Young Thug),50co4Is1HCEo8bhOyUWKpn,Young Thug,artist,spotify:artist:50co4Is1HCEo8bhOyUWKpn,3nS9a01VvXHQriLqJYwRqG,spotify:track:3nS9a01VvXHQriLqJYwRqG,197760,True,80,1V9wButKEb5GJDshdKUGeN,werk
427,Greaze Mode,2p1fiYHYiXz9qi0JJyxBzN,Skepta,artist,spotify:artist:2p1fiYHYiXz9qi0JJyxBzN,3nG784YlxS4VQOF0qiHKVP,spotify:track:3nG784YlxS4VQOF0qiHKVP,168400,True,64,1V9wButKEb5GJDshdKUGeN,werk
428,Greaze Mode,3dKjmeRZcSUw617CoMzEA0,Nafe Smallz,artist,spotify:artist:3dKjmeRZcSUw617CoMzEA0,3nG784YlxS4VQOF0qiHKVP,spotify:track:3nG784YlxS4VQOF0qiHKVP,168400,True,64,1V9wButKEb5GJDshdKUGeN,werk
429,Uber Everywhere (feat. Travis Scott),5SyGEPymt1G2uto47tVWvZ,MadeinTYO,artist,spotify:artist:5SyGEPymt1G2uto47tVWvZ,5YCs9rP6ZcMJW6me3QhtWr,spotify:track:5YCs9rP6ZcMJW6me3QhtWr,181107,True,59,1V9wButKEb5GJDshdKUGeN,werk
430,Uber Everywhere (feat. Travis Scott),0Y5tJX1MQlPlqiwlOH1tJY,Travis Scott,artist,spotify:artist:0Y5tJX1MQlPlqiwlOH1tJY,5YCs9rP6ZcMJW6me3QhtWr,spotify:track:5YCs9rP6ZcMJW6me3QhtWr,181107,True,59,1V9wButKEb5GJDshdKUGeN,werk
431,Throw A Fit,0NIIxcxNHmOoyBx03SfTCD,Tinashe,artist,spotify:artist:0NIIxcxNHmOoyBx03SfTCD,7D8aQaRzoi9Qzz5yerVK5b,spotify:track:7D8aQaRzoi9Qzz5yerVK5b,158757,True,65,1V9wButKEb5GJDshdKUGeN,werk
432,That Go! (feat. T-Shyne),1xr2G8Hlx4QWmT9HaUbmoO,Young Stoner Life,artist,spotify:artist:1xr2G8Hlx4QWmT9HaUbmoO,4X4cPQicoAfannkUFUXmi9,spotify:track:4X4cPQicoAfannkUFUXmi9,225866,True,71,1V9wButKEb5GJDshdKUGeN,werk
433,That Go! (feat. T-Shyne),50co4Is1HCEo8bhOyUWKpn,Young Thug,artist,spotify:artist:50co4Is1HCEo8bhOyUWKpn,4X4cPQicoAfannkUFUXmi9,spotify:track:4X4cPQicoAfannkUFUXmi9,225866,True,71,1V9wButKEb5GJDshdKUGeN,werk
434,That Go! (feat. T-Shyne),20sxb77xiYeusSH8cVdatc,Meek Mill,artist,spotify:artist:20sxb77xiYeusSH8cVdatc,4X4cPQicoAfannkUFUXmi9,spotify:track:4X4cPQicoAfannkUFUXmi9,225866,True,71,1V9wButKEb5GJDshdKUGeN,werk
435,That Go! (feat. T-Shyne),14qypx78D3Jd1mm7c2BqQb,T-Shyne,artist,spotify:artist:14qypx78D3Jd1mm7c2BqQb,4X4cPQicoAfannkUFUXmi9,spotify:track:4X4cPQicoAfannkUFUXmi9,225866,True,71,1V9wButKEb5GJDshdKUGeN,werk
436,D4L,1RyvyyTE3xzB2ZywiAwp0i,Future,artist,spotify:artist:1RyvyyTE3xzB2ZywiAwp0i,5fHrHoJKfCgBd35zwIBmUK,spotify:track:5fHrHoJKfCgBd35zwIBmUK,189176,True,66,1V9wButKEb5GJDshdKUGeN,werk
437,D4L,3TVXtAsR1Inumwj472S9r4,Drake,artist,spotify:artist:3TVXtAsR1Inumwj472S9r4,5fHrHoJKfCgBd35zwIBmUK,spotify:track:5fHrHoJKfCgBd35zwIBmUK,189176,True,66,1V9wButKEb5GJDshdKUGeN,werk
438,D4L,50co4Is1HCEo8bhOyUWKpn,Young Thug,artist,spotify:artist:50co4Is1HCEo8bhOyUWKpn,5fHrHoJKfCgBd35zwIBmUK,spotify:track:5fHrHoJKfCgBd35zwIBmUK,189176,True,66,1V9wButKEb5GJDshdKUGeN,werk
